crate	archive_sha256	extracted_tree_sha256	upstream_git_sha1	license_declared	license_files	files
block-buffer-0.10.4	3078c7629b62d3f0439517fa394996acacc5cbc91c5a20d8c658e77abd503a71	8b07fce3ddd118667bc75f31579eec236ae2d999199e0ae59a5ecca83d6a34c2	6d35952d3d3b124bc1049ad6fb406b42b1ce4bfe	MIT OR Apache-2.0	LICENSE-APACHE,LICENSE-MIT	10
cfg-if-1.0.5	4e7648175b45a9a48536d676f68d918270699102aa8dab5496df06904c914600	15be03f58f87ed055a08da7c1a8dc7bf2918d616ba047cbcc54b9437f45c75d8	8b0a2b0fc1fa3b3741b9e72895f390cf499fe36f	MIT OR Apache-2.0	LICENSE-APACHE,LICENSE-MIT	14
cpufeatures-0.2.17	59ed5838eebb26a2bb2e58f6d5b5316989ae9d08bab10e0e6d103e656d1b0280	78f9d881815c6e364db2fbde0bf2066d79f42edf3a28786c9380c2173e816488	9d92d5e95ab4c07c5d8bfd024bf2a17e96d20feb	MIT OR Apache-2.0	LICENSE-APACHE,LICENSE-MIT	16
crypto-common-0.1.7	78c8292055d1c1df0cce5d180393dc8cce0abec0a7102adb6c7b1eef6016d60a	c8ec5a40116da3fe18fa199361286f81e0732a07750c985def4fcc59769b3cd4	66a997ccf5776ce873da5a48e2885a9908e940f6	MIT OR Apache-2.0	LICENSE-APACHE,LICENSE-MIT	9
curve25519-dalek-4.1.3	97fb8b7c4503de7d6ae7b42ab72a5a59857b4c937ec27a3d4539dba95b5ab2be	2a41d14e71f2071d32ba5f60f0f4cb18216b41631cc0fd331319d1236708ed48	5312a0311ec40df95be953eacfa8a11b9a34bc54	BSD-3-Clause	LICENSE	63
curve25519-dalek-derive-0.1.1	f46882e17999c6cc590af592290432be3bce0428cb0d5f8b6715e4dc7b383eb3	96e93b2e6ba3cf5c5946c9fb8a2530bba9d9d397ac2e813ffd09856194c736ea	72761ca6b4772af985f969db53faf7accbad9b36	MIT/Apache-2.0	LICENSE-APACHE,LICENSE-MIT	9
digest-0.10.7	9ed9a281f7bc9b7576e61468ba615a66a5c8cfdff42420a70aa82701a3b1e292	cb530a2a795b80df185a9df5346bb13bc66e093c0f07acbdbd3020090a0a68f7	344389411fd9718a0742435152e933a9e71461ee	MIT OR Apache-2.0	LICENSE-APACHE,LICENSE-MIT	21
ed25519-2.2.3	115531babc129696a58c64a4fef0a8bf9e9698629fb97e9e40767d235cfbcd53	baed1520f5357a2f38a39e9372653333bc29a59755cc2f869f322975424af368	07b095c32a3527ee47da5c4878bf203557b36e5e	Apache-2.0 OR MIT	LICENSE-APACHE,LICENSE-MIT	20
ed25519-dalek-2.2.0	70e796c081cee67dc755e1a36a0a172b897fab85fc3f6bc48307991f64e4eca9	b934e6193f6eb016e540dcc0cf29e91628acd33e5bbcdebeae86210949bddd61	8016d6d9b9cdbaa681f24147e0b9377cc8cef934	BSD-3-Clause	LICENSE	28
fiat-crypto-0.2.9	28dea519a9695b9977216879a3ebfddf92f1c08c05d984f8996aecd6ecdc811d	a410f4e87f73f1a93cd182a4a54cd41ea61b3a6e9fc5ea0f68df053f27a272a1	b739724dcf585c4d85356a7772c7917db4b575f9	MIT OR Apache-2.0 OR BSD-1-Clause	LICENSE-APACHE,LICENSE-BSD-1,LICENSE-MIT	39
generic-array-0.14.7	85649ca51fd72272d7821adaf274ad91c288277713d9c18820d8499a7ff69e9a	55d5739420c0e74d33bca6599cf65f949ce2c8481cf7a96f4da1101d781ea866	1397d2bb40c406901b7827161b73b34b056cbe3a	MIT	LICENSE	16
libc-0.2.189	3eaf3ede3fee6db1a4c2ee091bf8a8b4dccdc6d17f656fb07896ee72867612f2	74da3ed70317df235b63364cf4815f7776eda68809b877d623d6d51b51207744	ef0906e20828777175f65caa7e681a0ce33c559a	MIT OR Apache-2.0	LICENSE-APACHE,LICENSE-MIT	404
proc-macro2-1.0.107	985e7ec9bb745e6ce6535b544d84d6cd6f7ad8bd711c398938ae983b91a766d9	dc93481b2b0947f34a975a5fad672b1a2023564f67105b749658c948a0ac5e16	ed8a5497669cd63db33bf24646f261b012bbbc4a	MIT OR Apache-2.0	LICENSE-APACHE,LICENSE-MIT	33
quote-1.0.47	1fbf4db142a473a8d80c26bbf18454ed458bf8d26c8219c331daecfdbd079001	ec7b7cd93706265befd687a203441042c8256ac38ab87df7e7df77e4d918c59e	723dcb47d3f0ddc896e17287c8a8d3f2ea2317d5	MIT OR Apache-2.0	LICENSE-APACHE,LICENSE-MIT	35
rustc_version-0.4.1	cfcb3a22ef46e85b45de6ee7e79d063319ebb6594faafcf1c225ea92ab6e9b92	d98820810550663585674b071085a6a11d01f63c9727fc9a3094a5416ecec56b	eeca449cca83e24150e46739e797aa82e9142809	MIT OR Apache-2.0	LICENSE-APACHE,LICENSE-MIT	13
semver-1.0.28	8a7852d02fc848982e0c167ef163aaff9cd91dc640ba85e263cb1ce46fae51cd	d7d95cbdcf5effcc94486b965eba31381be58375b1ecdfe5dd68faf92f39740f	7625c7aa3f0e8ba21e099d1765bcebcb72aa8816	MIT OR Apache-2.0	LICENSE-APACHE,LICENSE-MIT	25
sha2-0.10.9	a7507d819769d01a365ab707794a4084392c824f54a7a6a7862f8c3d0892b283	631e8d17ca268b04ce0764c05f1d70d9e48ce4e7b77a1c500d8ca47c32161263	82c36a428f8d6f05f3bfccdedb243e9d1f85359d	MIT OR Apache-2.0	LICENSE-APACHE,LICENSE-MIT	31
signature-2.2.0	77549399552de45a898a580c1b41d445bf730df867cc44e6c0233bbc4b8329de	1207b28d5aa953a8b6fba2b664e87b49fb65dd2099ec2f72f9a1b6c0177e14c2	5adcd4819b380b4aaec2b57c6bf3f2239a109060	Apache-2.0 OR MIT	LICENSE-APACHE,LICENSE-MIT	16
subtle-2.6.1	13c2bddecc57b384dee18652358fb23172facb8a2c51ccc10d74c157bdea3292	8d21ac2d6d62da3837709bdbca44126404cdcba272dc44c831c661348edb6da5	5457b5448b021d1da101ababbb854e6657233943	BSD-3-Clause	LICENSE	10
syn-2.0.119	872831b642d1a07999a962a351ed35b955ea2cfc8f3862091e2a240a84f17297	8613e2a441940c64faa45b43dc48b3889f369279538418b680b490a91d772b98	3295f9e9841785ac88a5e558c884854d5fb7d67f	MIT OR Apache-2.0	LICENSE-APACHE,LICENSE-MIT	105
typenum-1.20.1	b6f5e870be6c3b371b77fe0ee0bafb859fa4964b4404c27de1d380043c4dda20	94260516870b105d92f1c68b0a09e9d419af303996c76536d9f18780110cb9df	0db9a0f731981f29266b63586c29fa07e4477b1a	MIT OR Apache-2.0	LICENSE,LICENSE-APACHE,LICENSE-MIT	26
unicode-ident-1.0.26	d245f478577f809a851594d02313b640fb437e0bb33866753cff937863096954	5f3e46bcc4a366697f1db811b2c2aaa7af21b9f76794e1c86806397e0b7dec7a	48771a67a73f7e14ce802aaeee16770ba661035b	(MIT OR Apache-2.0) AND Unicode-3.0	LICENSE-APACHE,LICENSE-MIT,LICENSE-UNICODE	26
version_check-0.9.5	0b928f33d975fc6ad9f86c8f283853ad26bdd5b10b7f1542aa2fa15e2289105a	f68688faffdd9256b575f8a1b56668e447a7d2d5bdccc7daf1a74a753ed21a50	d77ef9f27cc336719b2d839d09ee6635dd22f758	MIT/Apache-2.0	LICENSE-APACHE,LICENSE-MIT	13
