crate	source	line	classification	statement
block-buffer-0.10.4	src/lib.rs	200	compiled-runtime-source	unsafe {
block-buffer-0.10.4	src/lib.rs	348	compiled-runtime-source	let blocks = unsafe { slice::from_raw_parts_mut(p, nb) };
block-buffer-0.10.4	src/sealed.rs	27	compiled-runtime-source	unsafe {
block-buffer-0.10.4	src/sealed.rs	58	compiled-runtime-source	unsafe {
cpufeatures-0.2.17	src/aarch64.rs	37	hardware-detection-gated-on-none-or-other-arch	unsafe { libc::getauxval(libc::AT_HWCAP) }
cpufeatures-0.2.17	src/aarch64.rs	114	hardware-detection-gated-on-none-or-other-arch	unsafe {
cpufeatures-0.2.17	src/aarch64.rs	122	hardware-detection-gated-on-none-or-other-arch	unsafe {
cpufeatures-0.2.17	src/aarch64.rs	135	hardware-detection-gated-on-none-or-other-arch	pub unsafe fn sysctlbyname(name: &[u8]) -> bool {
cpufeatures-0.2.17	src/loongarch64.rs	35	hardware-detection-gated-on-none-or-other-arch	unsafe { libc::getauxval(libc::AT_HWCAP) }
cpufeatures-0.2.17	src/x86.rs	47	hardware-detection-gated-on-none-or-other-arch	unsafe fn cpuid(leaf: u32) -> CpuidResult {
cpufeatures-0.2.17	src/x86.rs	52	hardware-detection-gated-on-none-or-other-arch	unsafe fn cpuid_count(leaf: u32, sub_leaf: u32) -> CpuidResult {
cpufeatures-0.2.17	src/x86.rs	56	hardware-detection-gated-on-none-or-other-arch	let cr = unsafe {
cpufeatures-0.2.17	src/x86.rs	78	hardware-detection-gated-on-none-or-other-arch	let xcr0 = unsafe { arch::_xgetbv(arch::_XCR_XFEATURE_ENABLED_MASK) };
curve25519-dalek-4.1.3	src/backend/serial/u32/scalar.rs	193	target-cfg-or-feature-excluded	unsafe { core::ptr::read_volatile(&value) }
curve25519-dalek-4.1.3	src/backend/serial/u64/scalar.rs	182	compiled-runtime-source	unsafe { core::ptr::read_volatile(&value) }
curve25519-dalek-4.1.3	src/backend/vector/avx2/field.rs	68	target-cfg-or-feature-excluded	unsafe {
curve25519-dalek-4.1.3	src/backend/vector/avx2/field.rs	89	target-cfg-or-feature-excluded	unsafe {
curve25519-dalek-4.1.3	src/backend/vector/avx2/field.rs	224	target-cfg-or-feature-excluded	unsafe {
curve25519-dalek-4.1.3	src/backend/vector/avx2/field.rs	264	target-cfg-or-feature-excluded	unsafe {
curve25519-dalek-4.1.3	src/backend/vector/avx2/field.rs	432	target-cfg-or-feature-excluded	unsafe {
curve25519-dalek-4.1.3	src/backend/vector/avx2/field.rs	456	target-cfg-or-feature-excluded	unsafe {
curve25519-dalek-4.1.3	src/backend/vector/avx2/field.rs	479	target-cfg-or-feature-excluded	let c9_19: u32x8 = unsafe {
curve25519-dalek-4.1.3	src/backend/vector/avx2/field.rs	663	target-cfg-or-feature-excluded	unsafe {
curve25519-dalek-4.1.3	src/backend/vector/ifma/field.rs	24	target-cfg-or-feature-excluded	unsafe fn madd52lo(z: u64x4, x: u64x4, y: u64x4) -> u64x4 {
curve25519-dalek-4.1.3	src/backend/vector/ifma/field.rs	32	target-cfg-or-feature-excluded	unsafe fn madd52hi(z: u64x4, x: u64x4, y: u64x4) -> u64x4 {
curve25519-dalek-4.1.3	src/backend/vector/ifma/field.rs	63	target-cfg-or-feature-excluded	unsafe {
curve25519-dalek-4.1.3	src/backend/vector/ifma/field.rs	95	target-cfg-or-feature-excluded	unsafe {
curve25519-dalek-4.1.3	src/backend/vector/ifma/field.rs	273	target-cfg-or-feature-excluded	unsafe {
curve25519-dalek-4.1.3	src/backend/vector/ifma/field.rs	408	target-cfg-or-feature-excluded	unsafe {
curve25519-dalek-4.1.3	src/backend/vector/ifma/field.rs	440	target-cfg-or-feature-excluded	unsafe {
curve25519-dalek-4.1.3	src/backend/vector/ifma/field.rs	492	target-cfg-or-feature-excluded	unsafe {
curve25519-dalek-4.1.3	src/backend/vector/ifma/field.rs	643	target-cfg-or-feature-excluded	z = unsafe { madd52lo(z, x, y) };
curve25519-dalek-4.1.3	src/backend/vector/packed_simd.rs	51	target-cfg-or-feature-excluded	unsafe {
curve25519-dalek-4.1.3	src/backend/vector/packed_simd.rs	86	target-cfg-or-feature-excluded	unsafe { core::arch::x86_64::$add_intrinsic(self.0, rhs.0).into() }
curve25519-dalek-4.1.3	src/backend/vector/packed_simd.rs	105	target-cfg-or-feature-excluded	unsafe { core::arch::x86_64::$sub_intrinsic(self.0, rhs.0).into() }
curve25519-dalek-4.1.3	src/backend/vector/packed_simd.rs	115	target-cfg-or-feature-excluded	unsafe { core::arch::x86_64::_mm256_and_si256(self.0, rhs.0).into() }
curve25519-dalek-4.1.3	src/backend/vector/packed_simd.rs	125	target-cfg-or-feature-excluded	unsafe { core::arch::x86_64::_mm256_xor_si256(self.0, rhs.0).into() }
curve25519-dalek-4.1.3	src/backend/vector/packed_simd.rs	152	target-cfg-or-feature-excluded	unsafe { core::arch::x86_64::$shl_intrinsic(self.0, N).into() }
curve25519-dalek-4.1.3	src/backend/vector/packed_simd.rs	157	target-cfg-or-feature-excluded	unsafe { core::arch::x86_64::$shr_intrinsic(self.0, N).into() }
curve25519-dalek-4.1.3	src/backend/vector/packed_simd.rs	162	target-cfg-or-feature-excluded	unsafe { core::arch::x86_64::$extract_intrinsic(self.0, N) as $lane_ty }
curve25519-dalek-4.1.3	src/backend/vector/packed_simd.rs	243	target-cfg-or-feature-excluded	unsafe { Self(core::mem::transmute([x0, x1, x2, x3])) }
curve25519-dalek-4.1.3	src/backend/vector/packed_simd.rs	258	target-cfg-or-feature-excluded	unsafe {
curve25519-dalek-4.1.3	src/backend/vector/packed_simd.rs	270	target-cfg-or-feature-excluded	unsafe { u64x4(core::arch::x86_64::_mm256_set1_epi64x(x as i64)) }
curve25519-dalek-4.1.3	src/backend/vector/packed_simd.rs	293	target-cfg-or-feature-excluded	unsafe { Self(core::mem::transmute([x0, x1, x2, x3, x4, x5, x6, x7])) }
curve25519-dalek-4.1.3	src/backend/vector/packed_simd.rs	309	target-cfg-or-feature-excluded	unsafe {
curve25519-dalek-4.1.3	src/backend/vector/packed_simd.rs	322	target-cfg-or-feature-excluded	unsafe { u32x8(core::arch::x86_64::_mm256_set1_epi32(x as i32)) }
curve25519-dalek-4.1.3	src/backend/vector/packed_simd.rs	335	target-cfg-or-feature-excluded	unsafe { core::arch::x86_64::_mm256_mul_epu32(self.0, rhs.0).into() }
curve25519-dalek-4.1.3	src/constants.rs	88	target-cfg-or-feature-excluded	pub static RISTRETTO_BASEPOINT_TABLE: &RistrettoBasepointTable = unsafe {
curve25519-dalek-derive-0.1.1	src/lib.rs	428	locked-conditional-not-compiled	unsafe fn #function_inner_name #fn_impl_generics (#(#function_args_outer),*) #function_return #fn_where_clause;
curve25519-dalek-derive-0.1.1	src/lib.rs	436	locked-conditional-not-compiled	unsafe fn #function_inner_name #fn_impl_generics (#(#function_args_inner),*) #function_return #fn_where_clause #function_body
curve25519-dalek-derive-0.1.1	src/lib.rs	446	locked-conditional-not-compiled	unsafe {
curve25519-dalek-derive-0.1.1	src/lib.rs	459	locked-conditional-not-compiled	unsafe fn #function_inner_name #fn_impl_generics (#(#function_args_inner),*) #function_return #fn_where_clause #function_body
curve25519-dalek-derive-0.1.1	src/lib.rs	460	locked-conditional-not-compiled	unsafe {
generic-array-0.14.7	src/arr.rs	34	compiled-runtime-source	unsafe { $crate::transmute(arr) }
generic-array-0.14.7	src/arr.rs	60	compiled-runtime-source	unsafe { $crate::transmute::<[$T; 0], $crate::GenericArray<$T, $crate::typenum::U0>>([]) }
generic-array-0.14.7	src/functional.rs	12	compiled-runtime-source	pub unsafe trait MappedGenericSequence<T, U>: GenericSequence<T>
generic-array-0.14.7	src/functional.rs	20	compiled-runtime-source	unsafe impl<'a, T, U, S: MappedGenericSequence<T, U>> MappedGenericSequence<T, U> for &'a S
generic-array-0.14.7	src/functional.rs	29	compiled-runtime-source	unsafe impl<'a, T, U, S: MappedGenericSequence<T, U>> MappedGenericSequence<T, U> for &'a mut S
generic-array-0.14.7	src/functional.rs	43	compiled-runtime-source	pub unsafe trait FunctionalSequence<T>: GenericSequence<T> {
generic-array-0.14.7	src/functional.rs	85	compiled-runtime-source	unsafe impl<'a, T, S: GenericSequence<T>> FunctionalSequence<T> for &'a S
generic-array-0.14.7	src/functional.rs	91	compiled-runtime-source	unsafe impl<'a, T, S: GenericSequence<T>> FunctionalSequence<T> for &'a mut S
generic-array-0.14.7	src/hex.rs	46	compiled-runtime-source	f.write_str(unsafe { str::from_utf8_unchecked(&res[..max_digits]) })?;
generic-array-0.14.7	src/hex.rs	59	compiled-runtime-source	f.write_str(unsafe { str::from_utf8_unchecked(&buf[..n]) })?;
generic-array-0.14.7	src/hex.rs	86	compiled-runtime-source	f.write_str(unsafe { str::from_utf8_unchecked(&res[..max_digits]) })?;
generic-array-0.14.7	src/hex.rs	99	compiled-runtime-source	f.write_str(unsafe { str::from_utf8_unchecked(&buf[..n]) })?;
generic-array-0.14.7	src/impls.rs	132	compiled-runtime-source	unsafe { $crate::transmute(arr) }
generic-array-0.14.7	src/impls.rs	140	compiled-runtime-source	unsafe { $crate::transmute(sel) }
generic-array-0.14.7	src/impls.rs	147	compiled-runtime-source	unsafe { &*(slice.as_ptr() as *const GenericArray<T, $ty>) }
generic-array-0.14.7	src/impls.rs	154	compiled-runtime-source	unsafe { &mut *(slice.as_mut_ptr() as *mut GenericArray<T, $ty>) }
generic-array-0.14.7	src/impls.rs	162	compiled-runtime-source	unsafe { $crate::transmute(self) }
generic-array-0.14.7	src/impls.rs	169	compiled-runtime-source	unsafe { $crate::transmute(self) }
generic-array-0.14.7	src/impls.rs	176	compiled-runtime-source	unsafe { $crate::transmute(self) }
generic-array-0.14.7	src/iter.rs	84	compiled-runtime-source	unsafe {
generic-array-0.14.7	src/iter.rs	101	compiled-runtime-source	let mut array = unsafe { ptr::read(&self.array) };
generic-array-0.14.7	src/iter.rs	105	compiled-runtime-source	unsafe { ptr::write(dst, src.clone()) };
generic-array-0.14.7	src/iter.rs	126	compiled-runtime-source	let p = unsafe { Some(ptr::read(self.array.get_unchecked(self.index))) };
generic-array-0.14.7	src/iter.rs	140	compiled-runtime-source	let ret = unsafe {
generic-array-0.14.7	src/iter.rs	182	compiled-runtime-source	unsafe {
generic-array-0.14.7	src/iter.rs	205	compiled-runtime-source	unsafe { Some(ptr::read(self.array.get_unchecked(self.index_back))) }
generic-array-0.14.7	src/iter.rs	215	compiled-runtime-source	let ret = unsafe {
generic-array-0.14.7	src/lib.rs	112	compiled-runtime-source	pub unsafe trait ArrayLength<T>: Unsigned {
generic-array-0.14.7	src/lib.rs	117	compiled-runtime-source	unsafe impl<T> ArrayLength<T> for UTerm {
generic-array-0.14.7	src/lib.rs	166	compiled-runtime-source	unsafe impl<T, N: ArrayLength<T>> ArrayLength<T> for UInt<N, B0> {
generic-array-0.14.7	src/lib.rs	171	compiled-runtime-source	unsafe impl<T, N: ArrayLength<T>> ArrayLength<T> for UInt<N, B1> {
generic-array-0.14.7	src/lib.rs	183	compiled-runtime-source	unsafe impl<T: Send, N: ArrayLength<T>> Send for GenericArray<T, N> {}
generic-array-0.14.7	src/lib.rs	184	compiled-runtime-source	unsafe impl<T: Sync, N: ArrayLength<T>> Sync for GenericArray<T, N> {}
generic-array-0.14.7	src/lib.rs	194	compiled-runtime-source	unsafe { slice::from_raw_parts(self as *const Self as *const T, N::USIZE) }
generic-array-0.14.7	src/lib.rs	204	compiled-runtime-source	unsafe { slice::from_raw_parts_mut(self as *mut Self as *mut T, N::USIZE) }
generic-array-0.14.7	src/lib.rs	222	compiled-runtime-source	pub unsafe fn new() -> ArrayBuilder<T, N> {
generic-array-0.14.7	src/lib.rs	235	compiled-runtime-source	pub unsafe fn iter_position(&mut self) -> (slice::IterMut<T>, &mut usize) {
generic-array-0.14.7	src/lib.rs	243	compiled-runtime-source	pub unsafe fn into_inner(self) -> GenericArray<T, N> {
generic-array-0.14.7	src/lib.rs	255	compiled-runtime-source	unsafe {
generic-array-0.14.7	src/lib.rs	277	compiled-runtime-source	pub unsafe fn new(array: GenericArray<T, N>) -> ArrayConsumer<T, N> {
generic-array-0.14.7	src/lib.rs	290	compiled-runtime-source	pub unsafe fn iter_position(&mut self) -> (slice::Iter<T>, &mut usize) {
generic-array-0.14.7	src/lib.rs	299	compiled-runtime-source	unsafe {
generic-array-0.14.7	src/lib.rs	339	compiled-runtime-source	unsafe {
generic-array-0.14.7	src/lib.rs	372	compiled-runtime-source	unsafe impl<T, N> GenericSequence<T> for GenericArray<T, N>
generic-array-0.14.7	src/lib.rs	384	compiled-runtime-source	unsafe {
generic-array-0.14.7	src/lib.rs	414	compiled-runtime-source	unsafe {
generic-array-0.14.7	src/lib.rs	441	compiled-runtime-source	unsafe {
generic-array-0.14.7	src/lib.rs	461	compiled-runtime-source	unsafe impl<T, U, N> MappedGenericSequence<T, U> for GenericArray<T, N>
generic-array-0.14.7	src/lib.rs	469	compiled-runtime-source	unsafe impl<T, N> FunctionalSequence<T> for GenericArray<T, N>
generic-array-0.14.7	src/lib.rs	480	compiled-runtime-source	unsafe {
generic-array-0.14.7	src/lib.rs	511	compiled-runtime-source	unsafe {
generic-array-0.14.7	src/lib.rs	574	compiled-runtime-source	unsafe { &*(slice.as_ptr() as *const GenericArray<T, N>) }
generic-array-0.14.7	src/lib.rs	588	compiled-runtime-source	unsafe { &mut *(slice.as_mut_ptr() as *mut GenericArray<T, N>) }
generic-array-0.14.7	src/lib.rs	621	compiled-runtime-source	unsafe {
generic-array-0.14.7	src/lib.rs	653	compiled-runtime-source	pub unsafe fn transmute<A, B>(a: A) -> B {
generic-array-0.14.7	src/lib.rs	670	compiled-runtime-source	let ret = unsafe { ptr::read_volatile(&val) };
generic-array-0.14.7	src/sequence.rs	12	compiled-runtime-source	pub unsafe trait GenericSequence<T>: Sized + IntoIterator {
generic-array-0.14.7	src/sequence.rs	40	compiled-runtime-source	unsafe {
generic-array-0.14.7	src/sequence.rs	75	compiled-runtime-source	unsafe impl<'a, T: 'a, S: GenericSequence<T>> GenericSequence<T> for &'a S
generic-array-0.14.7	src/sequence.rs	91	compiled-runtime-source	unsafe impl<'a, T: 'a, S: GenericSequence<T>> GenericSequence<T> for &'a mut S
generic-array-0.14.7	src/sequence.rs	111	compiled-runtime-source	pub unsafe trait Lengthen<T>: Sized + GenericSequence<T> {
generic-array-0.14.7	src/sequence.rs	152	compiled-runtime-source	pub unsafe trait Shorten<T>: Sized + GenericSequence<T> {
generic-array-0.14.7	src/sequence.rs	190	compiled-runtime-source	unsafe impl<T, N: ArrayLength<T>> Lengthen<T> for GenericArray<T, N>
generic-array-0.14.7	src/sequence.rs	205	compiled-runtime-source	unsafe {
generic-array-0.14.7	src/sequence.rs	221	compiled-runtime-source	unsafe {
generic-array-0.14.7	src/sequence.rs	232	compiled-runtime-source	unsafe impl<T, N: ArrayLength<T>> Shorten<T> for GenericArray<T, N>
generic-array-0.14.7	src/sequence.rs	244	compiled-runtime-source	unsafe {
generic-array-0.14.7	src/sequence.rs	256	compiled-runtime-source	unsafe {
generic-array-0.14.7	src/sequence.rs	266	compiled-runtime-source	pub unsafe trait Split<T, K>: GenericSequence<T>
generic-array-0.14.7	src/sequence.rs	279	compiled-runtime-source	unsafe impl<T, N, K> Split<T, K> for GenericArray<T, N>
generic-array-0.14.7	src/sequence.rs	290	compiled-runtime-source	unsafe {
generic-array-0.14.7	src/sequence.rs	302	compiled-runtime-source	unsafe impl<'a, T, N, K> Split<T, K> for &'a GenericArray<T, N>
generic-array-0.14.7	src/sequence.rs	313	compiled-runtime-source	unsafe {
generic-array-0.14.7	src/sequence.rs	322	compiled-runtime-source	unsafe impl<'a, T, N, K> Split<T, K> for &'a mut GenericArray<T, N>
generic-array-0.14.7	src/sequence.rs	333	compiled-runtime-source	unsafe {
generic-array-0.14.7	src/sequence.rs	343	compiled-runtime-source	pub unsafe trait Concat<T, M>: GenericSequence<T>
generic-array-0.14.7	src/sequence.rs	357	compiled-runtime-source	unsafe impl<T, N, M> Concat<T, M> for GenericArray<T, N>
generic-array-0.14.7	src/sequence.rs	371	compiled-runtime-source	unsafe {
libc-0.2.189	src/fuchsia/mod.rs	88	locked-conditional-not-compiled	unsafe impl Send for DIR {}
libc-0.2.189	src/fuchsia/mod.rs	89	locked-conditional-not-compiled	unsafe impl Sync for DIR {}
libc-0.2.189	src/fuchsia/mod.rs	2973	locked-conditional-not-compiled	pub unsafe fn FD_CLR(fd: c_int, set: *mut fd_set) -> () {
libc-0.2.189	src/fuchsia/mod.rs	2980	locked-conditional-not-compiled	pub unsafe fn FD_ISSET(fd: c_int, set: *const fd_set) -> bool {
libc-0.2.189	src/fuchsia/mod.rs	2986	locked-conditional-not-compiled	pub unsafe fn FD_SET(fd: c_int, set: *mut fd_set) -> () {
libc-0.2.189	src/fuchsia/mod.rs	2993	locked-conditional-not-compiled	pub unsafe fn FD_ZERO(set: *mut fd_set) -> () {
libc-0.2.189	src/fuchsia/mod.rs	2997	locked-conditional-not-compiled	pub unsafe fn CPU_ZERO(cpuset: &mut cpu_set_t) -> () {
libc-0.2.189	src/fuchsia/mod.rs	3001	locked-conditional-not-compiled	pub unsafe fn CPU_SET(cpu: usize, cpuset: &mut cpu_set_t) -> () {
libc-0.2.189	src/fuchsia/mod.rs	3008	locked-conditional-not-compiled	pub unsafe fn CPU_CLR(cpu: usize, cpuset: &mut cpu_set_t) -> () {
libc-0.2.189	src/fuchsia/mod.rs	3015	locked-conditional-not-compiled	pub unsafe fn CPU_ISSET(cpu: usize, cpuset: &cpu_set_t) -> bool {
libc-0.2.189	src/fuchsia/mod.rs	3021	locked-conditional-not-compiled	pub unsafe fn CPU_EQUAL(set1: &cpu_set_t, set2: &cpu_set_t) -> bool {
libc-0.2.189	src/fuchsia/mod.rs	3025	locked-conditional-not-compiled	pub unsafe fn CMSG_DATA(cmsg: *const cmsghdr) -> *mut c_uchar {
libc-0.2.189	src/fuchsia/mod.rs	3029	locked-conditional-not-compiled	pub unsafe fn CMSG_NXTHDR(mhdr: *const msghdr, cmsg: *const cmsghdr) -> *mut cmsghdr {
libc-0.2.189	src/fuchsia/mod.rs	3039	locked-conditional-not-compiled	pub unsafe fn CMSG_FIRSTHDR(mhdr: *const msghdr) -> *mut cmsghdr {
libc-0.2.189	src/fuchsia/mod.rs	3047	locked-conditional-not-compiled	pub const unsafe fn CMSG_ALIGN(len: size_t) -> size_t {
libc-0.2.189	src/fuchsia/mod.rs	3051	locked-conditional-not-compiled	pub const unsafe fn CMSG_SPACE(len: c_uint) -> c_uint {
libc-0.2.189	src/fuchsia/mod.rs	3055	locked-conditional-not-compiled	pub const unsafe fn CMSG_LEN(len: c_uint) -> c_uint {
libc-0.2.189	src/fuchsia/mod.rs	3124	locked-conditional-not-compiled	((unsafe { (*cmsg).cmsg_len as size_t } + size_of::<c_long>() - 1) & !(size_of::<c_long>() - 1))
libc-0.2.189	src/fuchsia/mod.rs	3129	locked-conditional-not-compiled	(unsafe { cmsg.offset(__CMSG_LEN(cmsg)) }) as *mut c_uchar
libc-0.2.189	src/fuchsia/mod.rs	3133	locked-conditional-not-compiled	unsafe { (*mhdr).msg_control.offset((*mhdr).msg_controllen as isize) }.cast()
libc-0.2.189	src/macros.rs	483	locked-conditional-not-compiled	let fptr = unsafe { core::ptr::addr_of!((*ptr).$field) };
libc-0.2.189	src/new/linux_uapi/linux/if_packet.rs	125	locked-conditional-not-compiled	pub unsafe fn TPACKET_ALIGN(x: usize) -> usize {
libc-0.2.189	src/new/linux_uapi/linux/netlink.rs	133	locked-conditional-not-compiled	pub unsafe fn NLA_ALIGN(len: c_int) -> c_int {
libc-0.2.189	src/new/linux_uapi/linux/sctp.rs	65	locked-conditional-not-compiled	pub unsafe fn SCTP_PR_INDEX(policy: c_int) -> c_int {
libc-0.2.189	src/new/linux_uapi/linux/sctp.rs	69	locked-conditional-not-compiled	pub unsafe fn SCTP_PR_POLICY(policy: c_int) -> c_int {
libc-0.2.189	src/new/linux_uapi/linux/sctp.rs	73	locked-conditional-not-compiled	pub unsafe fn SCTP_PR_SET_POLICY(flags: &mut c_int, policy: c_int) -> () {
libc-0.2.189	src/new/nto/net/bpf.rs	43	locked-conditional-not-compiled	pub unsafe fn BPF_CLASS(code: u32) -> u32 {
libc-0.2.189	src/new/nto/net/bpf.rs	47	locked-conditional-not-compiled	pub unsafe fn BPF_SIZE(code: u32) -> u32 {
libc-0.2.189	src/new/nto/net/bpf.rs	51	locked-conditional-not-compiled	pub unsafe fn BPF_MODE(code: u32) -> u32 {
libc-0.2.189	src/new/nto/net/bpf.rs	55	locked-conditional-not-compiled	pub unsafe fn BPF_OP(code: u32) -> u32 {
libc-0.2.189	src/new/nto/net/bpf.rs	59	locked-conditional-not-compiled	pub unsafe fn BPF_SRC(code: u32) -> u32 {
libc-0.2.189	src/new/nto/net/bpf.rs	63	locked-conditional-not-compiled	pub unsafe fn BPF_RVAL(code: u32) -> u32 {
libc-0.2.189	src/new/nto/net/bpf.rs	67	locked-conditional-not-compiled	pub unsafe fn BPF_MISCOP(code: u32) -> u32 {
libc-0.2.189	src/new/nto/net/bpf.rs	71	locked-conditional-not-compiled	pub unsafe fn BPF_STMT(code: u16, k: u32) -> bpf_insn {
libc-0.2.189	src/new/nto/net/bpf.rs	80	locked-conditional-not-compiled	pub unsafe fn BPF_JUMP(code: u16, k: u32, jt: u8, jf: u8) -> bpf_insn {
libc-0.2.189	src/new/qurt/errno.rs	148	locked-conditional-not-compiled	pub unsafe fn errno() -> c_int {
libc-0.2.189	src/new/qurt/errno.rs	152	locked-conditional-not-compiled	pub unsafe fn set_errno(value: c_int) {
libc-0.2.189	src/teeos/mod.rs	1334	locked-conditional-not-compiled	unsafe { *__errno_location() }
libc-0.2.189	src/types.rs	121	locked-conditional-not-compiled	unsafe { mem::transmute::<&[u8], &[c_char]>(x) }
libc-0.2.189	src/unix/aix/mod.rs	561	locked-conditional-not-compiled	unsafe {
libc-0.2.189	src/unix/aix/mod.rs	571	locked-conditional-not-compiled	unsafe {
libc-0.2.189	src/unix/aix/mod.rs	2461	locked-conditional-not-compiled	pub unsafe fn CMSG_FIRSTHDR(mhdr: *const msghdr) -> *mut cmsghdr {
libc-0.2.189	src/unix/aix/mod.rs	2469	locked-conditional-not-compiled	pub unsafe fn CMSG_NXTHDR(mhdr: *const msghdr, cmsg: *const cmsghdr) -> *mut cmsghdr {
libc-0.2.189	src/unix/aix/mod.rs	2484	locked-conditional-not-compiled	pub unsafe fn CMSG_DATA(cmsg: *const cmsghdr) -> *mut c_uchar {
libc-0.2.189	src/unix/aix/mod.rs	2488	locked-conditional-not-compiled	pub const unsafe fn CMSG_LEN(length: c_uint) -> c_uint {
libc-0.2.189	src/unix/aix/mod.rs	2492	locked-conditional-not-compiled	pub const unsafe fn CMSG_SPACE(length: c_uint) -> c_uint {
libc-0.2.189	src/unix/aix/mod.rs	2496	locked-conditional-not-compiled	pub unsafe fn FD_ZERO(set: *mut fd_set) -> () {
libc-0.2.189	src/unix/aix/mod.rs	2500	locked-conditional-not-compiled	pub unsafe fn FD_SET(fd: c_int, set: *mut fd_set) -> () {
libc-0.2.189	src/unix/aix/mod.rs	2507	locked-conditional-not-compiled	pub unsafe fn FD_CLR(fd: c_int, set: *mut fd_set) -> () {
libc-0.2.189	src/unix/aix/mod.rs	2514	locked-conditional-not-compiled	pub unsafe fn FD_ISSET(fd: c_int, set: *const fd_set) -> bool {
libc-0.2.189	src/unix/aix/powerpc64.rs	351	locked-conditional-not-compiled	pub unsafe fn si_addr(&self) -> *mut c_void {
libc-0.2.189	src/unix/aix/powerpc64.rs	355	locked-conditional-not-compiled	pub unsafe fn si_value(&self) -> crate::sigval {
libc-0.2.189	src/unix/aix/powerpc64.rs	359	locked-conditional-not-compiled	pub unsafe fn si_pid(&self) -> crate::pid_t {
libc-0.2.189	src/unix/aix/powerpc64.rs	363	locked-conditional-not-compiled	pub unsafe fn si_uid(&self) -> crate::uid_t {
libc-0.2.189	src/unix/aix/powerpc64.rs	367	locked-conditional-not-compiled	pub unsafe fn si_status(&self) -> c_int {
libc-0.2.189	src/unix/aix/powerpc64.rs	376	locked-conditional-not-compiled	unsafe {
libc-0.2.189	src/unix/aix/powerpc64.rs	386	locked-conditional-not-compiled	unsafe {
libc-0.2.189	src/unix/bsd/apple/mod.rs	1694	locked-conditional-not-compiled	pub unsafe fn si_addr(&self) -> *mut c_void {
libc-0.2.189	src/unix/bsd/apple/mod.rs	1698	locked-conditional-not-compiled	pub unsafe fn si_value(&self) -> crate::sigval {
libc-0.2.189	src/unix/bsd/apple/mod.rs	1714	locked-conditional-not-compiled	pub unsafe fn si_pid(&self) -> crate::pid_t {
libc-0.2.189	src/unix/bsd/apple/mod.rs	1718	locked-conditional-not-compiled	pub unsafe fn si_uid(&self) -> crate::uid_t {
libc-0.2.189	src/unix/bsd/apple/mod.rs	1722	locked-conditional-not-compiled	pub unsafe fn si_status(&self) -> c_int {
libc-0.2.189	src/unix/bsd/apple/mod.rs	1739	locked-conditional-not-compiled	unsafe { self.val == other.val }
libc-0.2.189	src/unix/bsd/apple/mod.rs	1745	locked-conditional-not-compiled	unsafe { self.val.hash(state) };
libc-0.2.189	src/unix/bsd/apple/mod.rs	1764	locked-conditional-not-compiled	let len1 = unsafe { len_ptr1.read_unaligned() };
libc-0.2.189	src/unix/bsd/apple/mod.rs	1765	locked-conditional-not-compiled	let len2 = unsafe { len_ptr2.read_unaligned() };
libc-0.2.189	src/unix/bsd/apple/mod.rs	1766	locked-conditional-not-compiled	let ifcu1 = unsafe { ifcu_ptr1.read_unaligned() };
libc-0.2.189	src/unix/bsd/apple/mod.rs	1767	locked-conditional-not-compiled	let ifcu2 = unsafe { ifcu_ptr2.read_unaligned() };
libc-0.2.189	src/unix/bsd/apple/mod.rs	1776	locked-conditional-not-compiled	unsafe { self.ifk_ptr == other.ifk_ptr && self.ifk_value == other.ifk_value }
libc-0.2.189	src/unix/bsd/apple/mod.rs	1783	locked-conditional-not-compiled	unsafe {
libc-0.2.189	src/unix/bsd/apple/mod.rs	1792	locked-conditional-not-compiled	unsafe {
libc-0.2.189	src/unix/bsd/apple/mod.rs	1821	locked-conditional-not-compiled	unsafe {
libc-0.2.189	src/unix/bsd/apple/mod.rs	1846	locked-conditional-not-compiled	unsafe { self.ifcu_buf == other.ifcu_buf && self.ifcu_req == other.ifcu_req }
libc-0.2.189	src/unix/bsd/apple/mod.rs	1852	locked-conditional-not-compiled	unsafe { self.ifcu_buf.hash(state) };
libc-0.2.189	src/unix/bsd/apple/mod.rs	1853	locked-conditional-not-compiled	unsafe { self.ifcu_req.hash(state) };
libc-0.2.189	src/unix/bsd/apple/mod.rs	1859	locked-conditional-not-compiled	unsafe {
libc-0.2.189	src/unix/bsd/apple/mod.rs	1880	locked-conditional-not-compiled	unsafe {
libc-0.2.189	src/unix/bsd/apple/mod.rs	4335	locked-conditional-not-compiled	pub unsafe fn CMSG_NXTHDR(mhdr: *const crate::msghdr, cmsg: *const cmsghdr) -> *mut cmsghdr {
libc-0.2.189	src/unix/bsd/apple/mod.rs	4349	locked-conditional-not-compiled	pub unsafe fn CMSG_DATA(cmsg: *const cmsghdr) -> *mut c_uchar {
libc-0.2.189	src/unix/bsd/apple/mod.rs	4353	locked-conditional-not-compiled	pub const unsafe fn CMSG_SPACE(length: c_uint) -> c_uint {
libc-0.2.189	src/unix/bsd/apple/mod.rs	4357	locked-conditional-not-compiled	pub const unsafe fn CMSG_LEN(length: c_uint) -> c_uint {
libc-0.2.189	src/unix/bsd/apple/mod.rs	4361	locked-conditional-not-compiled	pub const unsafe fn VM_MAKE_TAG(id: u8) -> u32 {
libc-0.2.189	src/unix/bsd/apple/mod.rs	5216	locked-conditional-not-compiled	pub unsafe fn mach_task_self() -> crate::mach_port_t {
libc-0.2.189	src/unix/bsd/freebsdlike/dragonfly/mod.rs	1238	locked-conditional-not-compiled	pub unsafe fn CMSG_DATA(cmsg: *const cmsghdr) -> *mut c_uchar {
libc-0.2.189	src/unix/bsd/freebsdlike/dragonfly/mod.rs	1242	locked-conditional-not-compiled	pub const unsafe fn CMSG_LEN(length: c_uint) -> c_uint {
libc-0.2.189	src/unix/bsd/freebsdlike/dragonfly/mod.rs	1246	locked-conditional-not-compiled	pub unsafe fn CMSG_NXTHDR(mhdr: *const crate::msghdr, cmsg: *const cmsghdr) -> *mut cmsghdr {
libc-0.2.189	src/unix/bsd/freebsdlike/dragonfly/mod.rs	1258	locked-conditional-not-compiled	pub const unsafe fn CMSG_SPACE(length: c_uint) -> c_uint {
libc-0.2.189	src/unix/bsd/freebsdlike/dragonfly/mod.rs	1262	locked-conditional-not-compiled	pub unsafe fn CPU_ZERO(cpuset: &mut cpu_set_t) -> () {
libc-0.2.189	src/unix/bsd/freebsdlike/dragonfly/mod.rs	1266	locked-conditional-not-compiled	pub unsafe fn CPU_SET(cpu: usize, cpuset: &mut cpu_set_t) -> () {
libc-0.2.189	src/unix/bsd/freebsdlike/dragonfly/mod.rs	1272	locked-conditional-not-compiled	pub unsafe fn CPU_CLR(cpu: usize, cpuset: &mut cpu_set_t) -> () {
libc-0.2.189	src/unix/bsd/freebsdlike/dragonfly/mod.rs	1278	locked-conditional-not-compiled	pub unsafe fn CPU_ISSET(cpu: usize, cpuset: &cpu_set_t) -> bool {
libc-0.2.189	src/unix/bsd/freebsdlike/freebsd/mod.rs	1801	locked-conditional-not-compiled	unsafe { self.cr_pid == other.cr_pid }
libc-0.2.189	src/unix/bsd/freebsdlike/freebsd/mod.rs	1807	locked-conditional-not-compiled	unsafe { self.cr_pid.hash(state) };
libc-0.2.189	src/unix/bsd/freebsdlike/freebsd/mod.rs	1831	locked-conditional-not-compiled	unsafe { self.a_val == other.a_val }
libc-0.2.189	src/unix/bsd/freebsdlike/freebsd/mod.rs	1843	locked-conditional-not-compiled	unsafe {
libc-0.2.189	src/unix/bsd/freebsdlike/freebsd/mod.rs	1865	locked-conditional-not-compiled	unsafe { self.ifru_addr.hash(state) };
libc-0.2.189	src/unix/bsd/freebsdlike/freebsd/mod.rs	1866	locked-conditional-not-compiled	unsafe { self.ifru_dstaddr.hash(state) };
libc-0.2.189	src/unix/bsd/freebsdlike/freebsd/mod.rs	1867	locked-conditional-not-compiled	unsafe { self.ifru_broadaddr.hash(state) };
libc-0.2.189	src/unix/bsd/freebsdlike/freebsd/mod.rs	1868	locked-conditional-not-compiled	unsafe { self.ifru_buffer.hash(state) };
libc-0.2.189	src/unix/bsd/freebsdlike/freebsd/mod.rs	1869	locked-conditional-not-compiled	unsafe { self.ifru_flags.hash(state) };
libc-0.2.189	src/unix/bsd/freebsdlike/freebsd/mod.rs	1870	locked-conditional-not-compiled	unsafe { self.ifru_index.hash(state) };
libc-0.2.189	src/unix/bsd/freebsdlike/freebsd/mod.rs	1871	locked-conditional-not-compiled	unsafe { self.ifru_jid.hash(state) };
libc-0.2.189	src/unix/bsd/freebsdlike/freebsd/mod.rs	1872	locked-conditional-not-compiled	unsafe { self.ifru_metric.hash(state) };
libc-0.2.189	src/unix/bsd/freebsdlike/freebsd/mod.rs	1873	locked-conditional-not-compiled	unsafe { self.ifru_mtu.hash(state) };
libc-0.2.189	src/unix/bsd/freebsdlike/freebsd/mod.rs	1874	locked-conditional-not-compiled	unsafe { self.ifru_phys.hash(state) };
libc-0.2.189	src/unix/bsd/freebsdlike/freebsd/mod.rs	1875	locked-conditional-not-compiled	unsafe { self.ifru_media.hash(state) };
libc-0.2.189	src/unix/bsd/freebsdlike/freebsd/mod.rs	1876	locked-conditional-not-compiled	unsafe { self.ifru_data.hash(state) };
libc-0.2.189	src/unix/bsd/freebsdlike/freebsd/mod.rs	1877	locked-conditional-not-compiled	unsafe { self.ifru_cap.hash(state) };
libc-0.2.189	src/unix/bsd/freebsdlike/freebsd/mod.rs	1878	locked-conditional-not-compiled	unsafe { self.ifru_fib.hash(state) };
libc-0.2.189	src/unix/bsd/freebsdlike/freebsd/mod.rs	1879	locked-conditional-not-compiled	unsafe { self.ifru_vlan_pcp.hash(state) };
libc-0.2.189	src/unix/bsd/freebsdlike/freebsd/mod.rs	1885	locked-conditional-not-compiled	unsafe { self.ifcu_buf == other.ifcu_buf && self.ifcu_req == other.ifcu_req }
libc-0.2.189	src/unix/bsd/freebsdlike/freebsd/mod.rs	1891	locked-conditional-not-compiled	unsafe { self.ifcu_buf.hash(state) };
libc-0.2.189	src/unix/bsd/freebsdlike/freebsd/mod.rs	1892	locked-conditional-not-compiled	unsafe { self.ifcu_req.hash(state) };
libc-0.2.189	src/unix/bsd/freebsdlike/freebsd/mod.rs	1898	locked-conditional-not-compiled	unsafe { self.tt == other.tt && self.ph == other.ph }
libc-0.2.189	src/unix/bsd/freebsdlike/freebsd/mod.rs	1904	locked-conditional-not-compiled	unsafe {
libc-0.2.189	src/unix/bsd/freebsdlike/freebsd/mod.rs	1913	locked-conditional-not-compiled	unsafe { self.tv == other.tv && self.ph == other.ph }
libc-0.2.189	src/unix/bsd/freebsdlike/freebsd/mod.rs	1919	locked-conditional-not-compiled	unsafe {
libc-0.2.189	src/unix/bsd/freebsdlike/freebsd/mod.rs	4465	locked-conditional-not-compiled	pub unsafe fn CMSG_DATA(cmsg: *const cmsghdr) -> *mut c_uchar {
libc-0.2.189	src/unix/bsd/freebsdlike/freebsd/mod.rs	4469	locked-conditional-not-compiled	pub const unsafe fn CMSG_LEN(length: c_uint) -> c_uint {
libc-0.2.189	src/unix/bsd/freebsdlike/freebsd/mod.rs	4473	locked-conditional-not-compiled	pub unsafe fn CMSG_NXTHDR(mhdr: *const crate::msghdr, cmsg: *const cmsghdr) -> *mut cmsghdr {
libc-0.2.189	src/unix/bsd/freebsdlike/freebsd/mod.rs	4486	locked-conditional-not-compiled	pub const unsafe fn CMSG_SPACE(length: c_uint) -> c_uint {
libc-0.2.189	src/unix/bsd/freebsdlike/freebsd/mod.rs	4490	locked-conditional-not-compiled	pub unsafe fn MALLOCX_ALIGN(lg: c_uint) -> c_int {
libc-0.2.189	src/unix/bsd/freebsdlike/freebsd/mod.rs	4494	locked-conditional-not-compiled	pub const unsafe fn MALLOCX_TCACHE(tc: c_int) -> c_int {
libc-0.2.189	src/unix/bsd/freebsdlike/freebsd/mod.rs	4498	locked-conditional-not-compiled	pub const unsafe fn MALLOCX_ARENA(a: c_int) -> c_int {
libc-0.2.189	src/unix/bsd/freebsdlike/freebsd/mod.rs	4502	locked-conditional-not-compiled	pub unsafe fn SOCKCREDSIZE(ngrps: usize) -> usize {
libc-0.2.189	src/unix/bsd/freebsdlike/freebsd/mod.rs	4507	locked-conditional-not-compiled	pub unsafe fn uname(buf: *mut crate::utsname) -> c_int {
libc-0.2.189	src/unix/bsd/freebsdlike/freebsd/mod.rs	4511	locked-conditional-not-compiled	pub unsafe fn CPU_ZERO(cpuset: &mut cpuset_t) -> () {
libc-0.2.189	src/unix/bsd/freebsdlike/freebsd/mod.rs	4515	locked-conditional-not-compiled	pub unsafe fn CPU_FILL(cpuset: &mut cpuset_t) -> () {
libc-0.2.189	src/unix/bsd/freebsdlike/freebsd/mod.rs	4519	locked-conditional-not-compiled	pub unsafe fn CPU_SET(cpu: usize, cpuset: &mut cpuset_t) -> () {
libc-0.2.189	src/unix/bsd/freebsdlike/freebsd/mod.rs	4525	locked-conditional-not-compiled	pub unsafe fn CPU_CLR(cpu: usize, cpuset: &mut cpuset_t) -> () {
libc-0.2.189	src/unix/bsd/freebsdlike/freebsd/mod.rs	4531	locked-conditional-not-compiled	pub unsafe fn CPU_ISSET(cpu: usize, cpuset: &cpuset_t) -> bool {
libc-0.2.189	src/unix/bsd/freebsdlike/freebsd/mod.rs	4537	locked-conditional-not-compiled	pub unsafe fn CPU_COUNT(cpuset: &cpuset_t) -> c_int {
libc-0.2.189	src/unix/bsd/freebsdlike/freebsd/mod.rs	4548	locked-conditional-not-compiled	pub unsafe fn SOCKCRED2SIZE(ngrps: usize) -> usize {
libc-0.2.189	src/unix/bsd/freebsdlike/freebsd/mod.rs	4553	locked-conditional-not-compiled	pub unsafe fn PROT_MAX(x: c_int) -> c_int {
libc-0.2.189	src/unix/bsd/freebsdlike/freebsd/mod.rs	4557	locked-conditional-not-compiled	pub unsafe fn PROT_MAX_EXTRACT(x: c_int) -> c_int {
libc-0.2.189	src/unix/bsd/freebsdlike/freebsd/x86_64/mod.rs	156	locked-conditional-not-compiled	unsafe {
libc-0.2.189	src/unix/bsd/freebsdlike/mod.rs	66	locked-conditional-not-compiled	pub unsafe fn si_addr(&self) -> *mut c_void {
libc-0.2.189	src/unix/bsd/freebsdlike/mod.rs	70	locked-conditional-not-compiled	pub unsafe fn si_value(&self) -> crate::sigval {
libc-0.2.189	src/unix/bsd/freebsdlike/mod.rs	74	locked-conditional-not-compiled	pub unsafe fn si_pid(&self) -> crate::pid_t {
libc-0.2.189	src/unix/bsd/freebsdlike/mod.rs	78	locked-conditional-not-compiled	pub unsafe fn si_uid(&self) -> crate::uid_t {
libc-0.2.189	src/unix/bsd/freebsdlike/mod.rs	82	locked-conditional-not-compiled	pub unsafe fn si_status(&self) -> c_int {
libc-0.2.189	src/unix/bsd/mod.rs	472	locked-conditional-not-compiled	pub unsafe fn CMSG_FIRSTHDR(mhdr: *const crate::msghdr) -> *mut cmsghdr {
libc-0.2.189	src/unix/bsd/mod.rs	480	locked-conditional-not-compiled	pub unsafe fn FD_CLR(fd: c_int, set: *mut fd_set) -> () {
libc-0.2.189	src/unix/bsd/mod.rs	487	locked-conditional-not-compiled	pub unsafe fn FD_ISSET(fd: c_int, set: *const fd_set) -> bool {
libc-0.2.189	src/unix/bsd/mod.rs	493	locked-conditional-not-compiled	pub unsafe fn FD_SET(fd: c_int, set: *mut fd_set) -> () {
libc-0.2.189	src/unix/bsd/mod.rs	500	locked-conditional-not-compiled	pub unsafe fn FD_ZERO(set: *mut fd_set) -> () {
libc-0.2.189	src/unix/bsd/netbsdlike/netbsd/aarch64.rs	44	locked-conditional-not-compiled	unsafe {
libc-0.2.189	src/unix/bsd/netbsdlike/netbsd/aarch64.rs	56	locked-conditional-not-compiled	unsafe {
libc-0.2.189	src/unix/bsd/netbsdlike/netbsd/mod.rs	65	locked-conditional-not-compiled	pub unsafe fn si_addr(&self) -> *mut c_void {
libc-0.2.189	src/unix/bsd/netbsdlike/netbsd/mod.rs	69	locked-conditional-not-compiled	pub unsafe fn si_code(&self) -> c_int {
libc-0.2.189	src/unix/bsd/netbsdlike/netbsd/mod.rs	73	locked-conditional-not-compiled	pub unsafe fn si_errno(&self) -> c_int {
libc-0.2.189	src/unix/bsd/netbsdlike/netbsd/mod.rs	77	locked-conditional-not-compiled	pub unsafe fn si_pid(&self) -> crate::pid_t {
libc-0.2.189	src/unix/bsd/netbsdlike/netbsd/mod.rs	90	locked-conditional-not-compiled	pub unsafe fn si_uid(&self) -> crate::uid_t {
libc-0.2.189	src/unix/bsd/netbsdlike/netbsd/mod.rs	104	locked-conditional-not-compiled	pub unsafe fn si_value(&self) -> crate::sigval {
libc-0.2.189	src/unix/bsd/netbsdlike/netbsd/mod.rs	119	locked-conditional-not-compiled	pub unsafe fn si_status(&self) -> c_int {
libc-0.2.189	src/unix/bsd/netbsdlike/netbsd/mod.rs	813	locked-conditional-not-compiled	unsafe { self.open == other.open || self.dup2 == other.dup2 }
libc-0.2.189	src/unix/bsd/netbsdlike/netbsd/mod.rs	818	locked-conditional-not-compiled	unsafe {
libc-0.2.189	src/unix/bsd/netbsdlike/netbsd/mod.rs	1818	locked-conditional-not-compiled	pub unsafe fn CMSG_DATA(cmsg: *const cmsghdr) -> *mut c_uchar {
libc-0.2.189	src/unix/bsd/netbsdlike/netbsd/mod.rs	1822	locked-conditional-not-compiled	pub const unsafe fn CMSG_LEN(length: c_uint) -> c_uint {
libc-0.2.189	src/unix/bsd/netbsdlike/netbsd/mod.rs	1826	locked-conditional-not-compiled	pub unsafe fn CMSG_NXTHDR(mhdr: *const crate::msghdr, cmsg: *const cmsghdr) -> *mut cmsghdr {
libc-0.2.189	src/unix/bsd/netbsdlike/netbsd/mod.rs	1839	locked-conditional-not-compiled	pub const unsafe fn CMSG_SPACE(length: c_uint) -> c_uint {
libc-0.2.189	src/unix/bsd/netbsdlike/netbsd/mod.rs	1846	locked-conditional-not-compiled	pub unsafe fn dirfd(dirp: *mut crate::DIR) -> c_int {
libc-0.2.189	src/unix/bsd/netbsdlike/netbsd/mod.rs	1850	locked-conditional-not-compiled	pub unsafe fn SOCKCREDSIZE(ngrps: usize) -> usize {
libc-0.2.189	src/unix/bsd/netbsdlike/netbsd/mod.rs	1855	locked-conditional-not-compiled	pub unsafe fn PROT_MPROTECT(x: c_int) -> c_int {
libc-0.2.189	src/unix/bsd/netbsdlike/netbsd/mod.rs	1859	locked-conditional-not-compiled	pub unsafe fn PROT_MPROTECT_EXTRACT(x: c_int) -> c_int {
libc-0.2.189	src/unix/bsd/netbsdlike/netbsd/riscv64.rs	28	locked-conditional-not-compiled	unsafe { self.u_u64 == other.u_u64 || self.u_d == other.u_d }
libc-0.2.189	src/unix/bsd/netbsdlike/netbsd/riscv64.rs	34	locked-conditional-not-compiled	unsafe {
libc-0.2.189	src/unix/bsd/netbsdlike/openbsd/mod.rs	784	locked-conditional-not-compiled	unsafe {
libc-0.2.189	src/unix/bsd/netbsdlike/openbsd/mod.rs	797	locked-conditional-not-compiled	unsafe { self.align.hash(state) };
libc-0.2.189	src/unix/bsd/netbsdlike/openbsd/mod.rs	804	locked-conditional-not-compiled	pub unsafe fn si_addr(&self) -> *mut c_char {
libc-0.2.189	src/unix/bsd/netbsdlike/openbsd/mod.rs	808	locked-conditional-not-compiled	pub unsafe fn si_code(&self) -> c_int {
libc-0.2.189	src/unix/bsd/netbsdlike/openbsd/mod.rs	812	locked-conditional-not-compiled	pub unsafe fn si_errno(&self) -> c_int {
libc-0.2.189	src/unix/bsd/netbsdlike/openbsd/mod.rs	816	locked-conditional-not-compiled	pub unsafe fn si_pid(&self) -> crate::pid_t {
libc-0.2.189	src/unix/bsd/netbsdlike/openbsd/mod.rs	828	locked-conditional-not-compiled	pub unsafe fn si_uid(&self) -> crate::uid_t {
libc-0.2.189	src/unix/bsd/netbsdlike/openbsd/mod.rs	841	locked-conditional-not-compiled	pub unsafe fn si_value(&self) -> crate::sigval {
libc-0.2.189	src/unix/bsd/netbsdlike/openbsd/mod.rs	855	locked-conditional-not-compiled	pub unsafe fn si_status(&self) -> c_int {
libc-0.2.189	src/unix/bsd/netbsdlike/openbsd/mod.rs	890	locked-conditional-not-compiled	unsafe {
libc-0.2.189	src/unix/bsd/netbsdlike/openbsd/mod.rs	908	locked-conditional-not-compiled	unsafe {
libc-0.2.189	src/unix/bsd/netbsdlike/openbsd/mod.rs	1851	locked-conditional-not-compiled	pub unsafe fn CMSG_DATA(cmsg: *const cmsghdr) -> *mut c_uchar {
libc-0.2.189	src/unix/bsd/netbsdlike/openbsd/mod.rs	1855	locked-conditional-not-compiled	pub const unsafe fn CMSG_LEN(length: c_uint) -> c_uint {
libc-0.2.189	src/unix/bsd/netbsdlike/openbsd/mod.rs	1859	locked-conditional-not-compiled	pub unsafe fn CMSG_NXTHDR(mhdr: *const crate::msghdr, cmsg: *const cmsghdr) -> *mut cmsghdr {
libc-0.2.189	src/unix/bsd/netbsdlike/openbsd/mod.rs	1872	locked-conditional-not-compiled	pub const unsafe fn CMSG_SPACE(length: c_uint) -> c_uint {
libc-0.2.189	src/unix/cygwin/mod.rs	527	locked-conditional-not-compiled	pub unsafe fn si_addr(&self) -> *mut c_void {
libc-0.2.189	src/unix/cygwin/mod.rs	540	locked-conditional-not-compiled	pub unsafe fn si_status(&self) -> c_int {
libc-0.2.189	src/unix/cygwin/mod.rs	553	locked-conditional-not-compiled	pub unsafe fn si_pid(&self) -> pid_t {
libc-0.2.189	src/unix/cygwin/mod.rs	557	locked-conditional-not-compiled	pub unsafe fn si_uid(&self) -> uid_t {
libc-0.2.189	src/unix/cygwin/mod.rs	561	locked-conditional-not-compiled	pub unsafe fn si_value(&self) -> sigval {
libc-0.2.189	src/unix/cygwin/mod.rs	1682	locked-conditional-not-compiled	pub unsafe fn FD_CLR(fd: c_int, set: *mut fd_set) -> () {
libc-0.2.189	src/unix/cygwin/mod.rs	1688	locked-conditional-not-compiled	pub unsafe fn FD_ISSET(fd: c_int, set: *const fd_set) -> bool {
libc-0.2.189	src/unix/cygwin/mod.rs	1694	locked-conditional-not-compiled	pub unsafe fn FD_SET(fd: c_int, set: *mut fd_set) -> () {
libc-0.2.189	src/unix/cygwin/mod.rs	1700	locked-conditional-not-compiled	pub unsafe fn FD_ZERO(set: *mut fd_set) -> () {
libc-0.2.189	src/unix/cygwin/mod.rs	1704	locked-conditional-not-compiled	pub unsafe fn CPU_ALLOC_SIZE(count: c_int) -> size_t {
libc-0.2.189	src/unix/cygwin/mod.rs	1710	locked-conditional-not-compiled	pub unsafe fn CPU_COUNT_S(size: usize, cpuset: &cpu_set_t) -> c_int {
libc-0.2.189	src/unix/cygwin/mod.rs	1719	locked-conditional-not-compiled	pub unsafe fn CPU_ZERO(cpuset: &mut cpu_set_t) -> () {
libc-0.2.189	src/unix/cygwin/mod.rs	1723	locked-conditional-not-compiled	pub unsafe fn CPU_SET(cpu: usize, cpuset: &mut cpu_set_t) -> () {
libc-0.2.189	src/unix/cygwin/mod.rs	1731	locked-conditional-not-compiled	pub unsafe fn CPU_CLR(cpu: usize, cpuset: &mut cpu_set_t) -> () {
libc-0.2.189	src/unix/cygwin/mod.rs	1739	locked-conditional-not-compiled	pub unsafe fn CPU_ISSET(cpu: usize, cpuset: &cpu_set_t) -> bool {
libc-0.2.189	src/unix/cygwin/mod.rs	1749	locked-conditional-not-compiled	pub unsafe fn CPU_COUNT(cpuset: &cpu_set_t) -> c_int {
libc-0.2.189	src/unix/cygwin/mod.rs	1753	locked-conditional-not-compiled	pub unsafe fn CPU_EQUAL(set1: &cpu_set_t, set2: &cpu_set_t) -> bool {
libc-0.2.189	src/unix/cygwin/mod.rs	1757	locked-conditional-not-compiled	pub unsafe fn CMSG_LEN(length: c_uint) -> c_uint {
libc-0.2.189	src/unix/cygwin/mod.rs	1761	locked-conditional-not-compiled	pub const unsafe fn CMSG_SPACE(length: c_uint) -> c_uint {
libc-0.2.189	src/unix/cygwin/mod.rs	1765	locked-conditional-not-compiled	pub unsafe fn CMSG_FIRSTHDR(mhdr: *const msghdr) -> *mut cmsghdr {
libc-0.2.189	src/unix/cygwin/mod.rs	1773	locked-conditional-not-compiled	pub unsafe fn CMSG_NXTHDR(mhdr: *const msghdr, cmsg: *const cmsghdr) -> *mut cmsghdr {
libc-0.2.189	src/unix/cygwin/mod.rs	1783	locked-conditional-not-compiled	pub unsafe fn CMSG_DATA(cmsg: *const cmsghdr) -> *mut c_uchar {
libc-0.2.189	src/unix/haiku/mod.rs	88	locked-conditional-not-compiled	pub unsafe fn si_addr(&self) -> *mut c_void {
libc-0.2.189	src/unix/haiku/mod.rs	92	locked-conditional-not-compiled	pub unsafe fn si_pid(&self) -> crate::pid_t {
libc-0.2.189	src/unix/haiku/mod.rs	96	locked-conditional-not-compiled	pub unsafe fn si_uid(&self) -> crate::uid_t {
libc-0.2.189	src/unix/haiku/mod.rs	100	locked-conditional-not-compiled	pub unsafe fn si_status(&self) -> c_int {
libc-0.2.189	src/unix/haiku/mod.rs	1389	locked-conditional-not-compiled	pub unsafe fn CMSG_FIRSTHDR(mhdr: *const msghdr) -> *mut cmsghdr {
libc-0.2.189	src/unix/haiku/mod.rs	1397	locked-conditional-not-compiled	pub unsafe fn CMSG_DATA(cmsg: *const cmsghdr) -> *mut c_uchar {
libc-0.2.189	src/unix/haiku/mod.rs	1401	locked-conditional-not-compiled	pub const unsafe fn CMSG_SPACE(length: c_uint) -> c_uint {
libc-0.2.189	src/unix/haiku/mod.rs	1405	locked-conditional-not-compiled	pub const unsafe fn CMSG_LEN(length: c_uint) -> c_uint {
libc-0.2.189	src/unix/haiku/mod.rs	1409	locked-conditional-not-compiled	pub unsafe fn CMSG_NXTHDR(mhdr: *const msghdr, cmsg: *const cmsghdr) -> *mut cmsghdr {
libc-0.2.189	src/unix/haiku/mod.rs	1424	locked-conditional-not-compiled	pub unsafe fn FD_CLR(fd: c_int, set: *mut fd_set) -> () {
libc-0.2.189	src/unix/haiku/mod.rs	1431	locked-conditional-not-compiled	pub unsafe fn FD_ISSET(fd: c_int, set: *const fd_set) -> bool {
libc-0.2.189	src/unix/haiku/mod.rs	1437	locked-conditional-not-compiled	pub unsafe fn FD_SET(fd: c_int, set: *mut fd_set) -> () {
libc-0.2.189	src/unix/haiku/mod.rs	1444	locked-conditional-not-compiled	pub unsafe fn FD_ZERO(set: *mut fd_set) -> () {
libc-0.2.189	src/unix/haiku/native.rs	484	locked-conditional-not-compiled	unsafe {
libc-0.2.189	src/unix/haiku/native.rs	503	locked-conditional-not-compiled	unsafe {
libc-0.2.189	src/unix/haiku/native.rs	1290	locked-conditional-not-compiled	pub unsafe fn get_cpu_info(firstCPU: u32, cpuCount: u32, info: *mut cpu_info) -> status_t {
libc-0.2.189	src/unix/haiku/native.rs	1295	locked-conditional-not-compiled	pub unsafe fn get_area_info(id: area_id, info: *mut area_info) -> status_t {
libc-0.2.189	src/unix/haiku/native.rs	1300	locked-conditional-not-compiled	pub unsafe fn get_next_area_info(
libc-0.2.189	src/unix/haiku/native.rs	1309	locked-conditional-not-compiled	pub unsafe fn get_port_info(port: port_id, buf: *mut port_info) -> status_t {
libc-0.2.189	src/unix/haiku/native.rs	1314	locked-conditional-not-compiled	pub unsafe fn get_next_port_info(
libc-0.2.189	src/unix/haiku/native.rs	1323	locked-conditional-not-compiled	pub unsafe fn get_port_message_info_etc(
libc-0.2.189	src/unix/haiku/native.rs	1339	locked-conditional-not-compiled	pub unsafe fn get_sem_info(id: sem_id, info: *mut sem_info) -> status_t {
libc-0.2.189	src/unix/haiku/native.rs	1344	locked-conditional-not-compiled	pub unsafe fn get_next_sem_info(team: team_id, cookie: *mut i32, info: *mut sem_info) -> status_t {
libc-0.2.189	src/unix/haiku/native.rs	1349	locked-conditional-not-compiled	pub unsafe fn get_team_info(team: team_id, info: *mut team_info) -> status_t {
libc-0.2.189	src/unix/haiku/native.rs	1354	locked-conditional-not-compiled	pub unsafe fn get_next_team_info(cookie: *mut i32, info: *mut team_info) -> status_t {
libc-0.2.189	src/unix/haiku/native.rs	1359	locked-conditional-not-compiled	pub unsafe fn get_team_usage_info(team: team_id, who: i32, info: *mut team_usage_info) -> status_t {
libc-0.2.189	src/unix/haiku/native.rs	1364	locked-conditional-not-compiled	pub unsafe fn get_thread_info(id: thread_id, info: *mut thread_info) -> status_t {
libc-0.2.189	src/unix/haiku/native.rs	1369	locked-conditional-not-compiled	pub unsafe fn get_next_thread_info(
libc-0.2.189	src/unix/haiku/native.rs	1379	locked-conditional-not-compiled	pub unsafe fn get_image_info(image: image_id, info: *mut image_info) -> status_t {
libc-0.2.189	src/unix/haiku/native.rs	1384	locked-conditional-not-compiled	pub unsafe fn get_next_image_info(
libc-0.2.189	src/unix/hurd/mod.rs	1050	locked-conditional-not-compiled	pub unsafe fn si_addr(&self) -> *mut c_void {
libc-0.2.189	src/unix/hurd/mod.rs	1054	locked-conditional-not-compiled	pub unsafe fn si_value(&self) -> crate::sigval {
libc-0.2.189	src/unix/hurd/mod.rs	1058	locked-conditional-not-compiled	pub unsafe fn si_pid(&self) -> crate::pid_t {
libc-0.2.189	src/unix/hurd/mod.rs	1062	locked-conditional-not-compiled	pub unsafe fn si_uid(&self) -> crate::uid_t {
libc-0.2.189	src/unix/hurd/mod.rs	1066	locked-conditional-not-compiled	pub unsafe fn si_status(&self) -> c_int {
libc-0.2.189	src/unix/hurd/mod.rs	3382	locked-conditional-not-compiled	pub unsafe fn CMSG_FIRSTHDR(mhdr: *const msghdr) -> *mut cmsghdr {
libc-0.2.189	src/unix/hurd/mod.rs	3390	locked-conditional-not-compiled	pub unsafe fn CMSG_DATA(cmsg: *const cmsghdr) -> *mut c_uchar {
libc-0.2.189	src/unix/hurd/mod.rs	3394	locked-conditional-not-compiled	pub const unsafe fn CMSG_SPACE(length: c_uint) -> c_uint {
libc-0.2.189	src/unix/hurd/mod.rs	3398	locked-conditional-not-compiled	pub const unsafe fn CMSG_LEN(length: c_uint) -> c_uint {
libc-0.2.189	src/unix/hurd/mod.rs	3402	locked-conditional-not-compiled	pub unsafe fn CMSG_NXTHDR(mhdr: *const msghdr, cmsg: *const cmsghdr) -> *mut cmsghdr {
libc-0.2.189	src/unix/hurd/mod.rs	3417	locked-conditional-not-compiled	pub unsafe fn CPU_ALLOC_SIZE(count: c_int) -> size_t {
libc-0.2.189	src/unix/hurd/mod.rs	3423	locked-conditional-not-compiled	pub unsafe fn CPU_ZERO(cpuset: &mut cpu_set_t) -> () {
libc-0.2.189	src/unix/hurd/mod.rs	3427	locked-conditional-not-compiled	pub unsafe fn CPU_SET(cpu: usize, cpuset: &mut cpu_set_t) -> () {
libc-0.2.189	src/unix/hurd/mod.rs	3433	locked-conditional-not-compiled	pub unsafe fn CPU_CLR(cpu: usize, cpuset: &mut cpu_set_t) -> () {
libc-0.2.189	src/unix/hurd/mod.rs	3439	locked-conditional-not-compiled	pub unsafe fn CPU_ISSET(cpu: usize, cpuset: &cpu_set_t) -> bool {
libc-0.2.189	src/unix/hurd/mod.rs	3445	locked-conditional-not-compiled	pub unsafe fn CPU_COUNT_S(size: usize, cpuset: &cpu_set_t) -> c_int {
libc-0.2.189	src/unix/hurd/mod.rs	3454	locked-conditional-not-compiled	pub unsafe fn CPU_COUNT(cpuset: &cpu_set_t) -> c_int {
libc-0.2.189	src/unix/hurd/mod.rs	3458	locked-conditional-not-compiled	pub unsafe fn CPU_EQUAL(set1: &cpu_set_t, set2: &cpu_set_t) -> bool {
libc-0.2.189	src/unix/hurd/mod.rs	3462	locked-conditional-not-compiled	pub unsafe fn IPTOS_TOS(tos: u8) -> u8 {
libc-0.2.189	src/unix/hurd/mod.rs	3466	locked-conditional-not-compiled	pub unsafe fn IPTOS_PREC(tos: u8) -> u8 {
libc-0.2.189	src/unix/hurd/mod.rs	3470	locked-conditional-not-compiled	pub unsafe fn FD_CLR(fd: c_int, set: *mut fd_set) -> () {
libc-0.2.189	src/unix/hurd/mod.rs	3477	locked-conditional-not-compiled	pub unsafe fn FD_ISSET(fd: c_int, set: *const fd_set) -> bool {
libc-0.2.189	src/unix/hurd/mod.rs	3483	locked-conditional-not-compiled	pub unsafe fn FD_SET(fd: c_int, set: *mut fd_set) -> () {
libc-0.2.189	src/unix/hurd/mod.rs	3490	locked-conditional-not-compiled	pub unsafe fn FD_ZERO(set: *mut fd_set) -> () {
libc-0.2.189	src/unix/hurd/mod.rs	4502	locked-conditional-not-compiled	unsafe { __libc_current_sigrtmax() }
libc-0.2.189	src/unix/hurd/mod.rs	4506	locked-conditional-not-compiled	unsafe { __libc_current_sigrtmin() }
libc-0.2.189	src/unix/linux_like/android/b32/arm.rs	63	locked-conditional-not-compiled	unsafe { self.uc_sigmask == other.uc_sigmask }
libc-0.2.189	src/unix/linux_like/android/b32/arm.rs	69	locked-conditional-not-compiled	unsafe { self.uc_sigmask.hash(state) }
libc-0.2.189	src/unix/linux_like/android/b32/arm.rs	486	locked-conditional-not-compiled	pub unsafe fn accept4(
libc-0.2.189	src/unix/linux_like/android/b32/x86/mod.rs	64	locked-conditional-not-compiled	unsafe { self.uc_sigmask == other.uc_sigmask }
libc-0.2.189	src/unix/linux_like/android/b32/x86/mod.rs	70	locked-conditional-not-compiled	unsafe { self.uc_sigmask.hash(state) }
libc-0.2.189	src/unix/linux_like/android/b32/x86/mod.rs	557	locked-conditional-not-compiled	pub unsafe fn accept4(
libc-0.2.189	src/unix/linux_like/android/b64/mod.rs	186	locked-conditional-not-compiled	pub unsafe fn accept4(
libc-0.2.189	src/unix/linux_like/android/b64/x86_64/mod.rs	172	locked-conditional-not-compiled	unsafe { self.uc_sigmask == other.uc_sigmask }
libc-0.2.189	src/unix/linux_like/android/b64/x86_64/mod.rs	178	locked-conditional-not-compiled	unsafe { self.uc_sigmask.hash(state) }
libc-0.2.189	src/unix/linux_like/android/mod.rs	616	locked-conditional-not-compiled	note = "this struct has unsafe trait implementations that will be \
libc-0.2.189	src/unix/linux_like/android/mod.rs	698	locked-conditional-not-compiled	unsafe { ::core::slice::from_raw_parts(self.iv.as_ptr(), self.ivlen as usize) }
libc-0.2.189	src/unix/linux_like/android/mod.rs	3468	locked-conditional-not-compiled	pub unsafe fn CMSG_NXTHDR(mhdr: *const msghdr, cmsg: *const cmsghdr) -> *mut cmsghdr {
libc-0.2.189	src/unix/linux_like/android/mod.rs	3478	locked-conditional-not-compiled	pub unsafe fn CPU_ALLOC_SIZE(count: c_int) -> size_t {
libc-0.2.189	src/unix/linux_like/android/mod.rs	3484	locked-conditional-not-compiled	pub unsafe fn CPU_ZERO(cpuset: &mut cpu_set_t) -> () {
libc-0.2.189	src/unix/linux_like/android/mod.rs	3488	locked-conditional-not-compiled	pub unsafe fn CPU_SET(cpu: usize, cpuset: &mut cpu_set_t) -> () {
libc-0.2.189	src/unix/linux_like/android/mod.rs	3495	locked-conditional-not-compiled	pub unsafe fn CPU_CLR(cpu: usize, cpuset: &mut cpu_set_t) -> () {
libc-0.2.189	src/unix/linux_like/android/mod.rs	3502	locked-conditional-not-compiled	pub unsafe fn CPU_ISSET(cpu: usize, cpuset: &cpu_set_t) -> bool {
libc-0.2.189	src/unix/linux_like/android/mod.rs	3508	locked-conditional-not-compiled	pub unsafe fn CPU_COUNT_S(size: usize, cpuset: &cpu_set_t) -> c_int {
libc-0.2.189	src/unix/linux_like/android/mod.rs	3517	locked-conditional-not-compiled	pub unsafe fn CPU_COUNT(cpuset: &cpu_set_t) -> c_int {
libc-0.2.189	src/unix/linux_like/android/mod.rs	3521	locked-conditional-not-compiled	pub unsafe fn CPU_EQUAL(set1: &cpu_set_t, set2: &cpu_set_t) -> bool {
libc-0.2.189	src/unix/linux_like/android/mod.rs	3525	locked-conditional-not-compiled	pub unsafe fn NLA_ALIGN(len: c_int) -> c_int {
libc-0.2.189	src/unix/linux_like/android/mod.rs	3529	locked-conditional-not-compiled	pub unsafe fn SO_EE_OFFENDER(ee: *const crate::sock_extended_err) -> *mut crate::sockaddr {
libc-0.2.189	src/unix/linux_like/android/mod.rs	3959	locked-conditional-not-compiled	pub unsafe fn si_addr(&self) -> *mut c_void {
libc-0.2.189	src/unix/linux_like/android/mod.rs	3970	locked-conditional-not-compiled	pub unsafe fn si_value(&self) -> crate::sigval {
libc-0.2.189	src/unix/linux_like/android/mod.rs	3985	locked-conditional-not-compiled	unsafe fn sifields(&self) -> &sifields {
libc-0.2.189	src/unix/linux_like/android/mod.rs	3989	locked-conditional-not-compiled	pub unsafe fn si_pid(&self) -> crate::pid_t {
libc-0.2.189	src/unix/linux_like/android/mod.rs	3993	locked-conditional-not-compiled	pub unsafe fn si_uid(&self) -> crate::uid_t {
libc-0.2.189	src/unix/linux_like/android/mod.rs	3997	locked-conditional-not-compiled	pub unsafe fn si_status(&self) -> c_int {
libc-0.2.189	src/unix/linux_like/android/mod.rs	4001	locked-conditional-not-compiled	pub unsafe fn si_utime(&self) -> c_long {
libc-0.2.189	src/unix/linux_like/android/mod.rs	4005	locked-conditional-not-compiled	pub unsafe fn si_stime(&self) -> c_long {
libc-0.2.189	src/unix/linux_like/emscripten/mod.rs	1266	locked-conditional-not-compiled	pub unsafe fn CMSG_NXTHDR(mhdr: *const msghdr, cmsg: *const cmsghdr) -> *mut cmsghdr {
libc-0.2.189	src/unix/linux_like/emscripten/mod.rs	1279	locked-conditional-not-compiled	pub unsafe fn CPU_ZERO(cpuset: &mut cpu_set_t) -> () {
libc-0.2.189	src/unix/linux_like/emscripten/mod.rs	1283	locked-conditional-not-compiled	pub unsafe fn CPU_SET(cpu: usize, cpuset: &mut cpu_set_t) -> () {
libc-0.2.189	src/unix/linux_like/emscripten/mod.rs	1290	locked-conditional-not-compiled	pub unsafe fn CPU_CLR(cpu: usize, cpuset: &mut cpu_set_t) -> () {
libc-0.2.189	src/unix/linux_like/emscripten/mod.rs	1297	locked-conditional-not-compiled	pub unsafe fn CPU_ISSET(cpu: usize, cpuset: &cpu_set_t) -> bool {
libc-0.2.189	src/unix/linux_like/emscripten/mod.rs	1303	locked-conditional-not-compiled	pub unsafe fn CPU_EQUAL(set1: &cpu_set_t, set2: &cpu_set_t) -> bool {
libc-0.2.189	src/unix/linux_like/l4re/uclibc/mod.rs	308	locked-conditional-not-compiled	pub unsafe fn si_addr(&self) -> *mut c_void {
libc-0.2.189	src/unix/linux_like/l4re/uclibc/mod.rs	319	locked-conditional-not-compiled	pub unsafe fn si_value(&self) -> crate::sigval {
libc-0.2.189	src/unix/linux_like/l4re/uclibc/mod.rs	359	locked-conditional-not-compiled	unsafe fn sifields(&self) -> &sifields {
libc-0.2.189	src/unix/linux_like/l4re/uclibc/mod.rs	363	locked-conditional-not-compiled	pub unsafe fn si_pid(&self) -> crate::pid_t {
libc-0.2.189	src/unix/linux_like/l4re/uclibc/mod.rs	367	locked-conditional-not-compiled	pub unsafe fn si_uid(&self) -> crate::uid_t {
libc-0.2.189	src/unix/linux_like/l4re/uclibc/mod.rs	371	locked-conditional-not-compiled	pub unsafe fn si_status(&self) -> c_int {
libc-0.2.189	src/unix/linux_like/l4re/uclibc/mod.rs	375	locked-conditional-not-compiled	pub unsafe fn si_utime(&self) -> c_long {
libc-0.2.189	src/unix/linux_like/l4re/uclibc/mod.rs	379	locked-conditional-not-compiled	pub unsafe fn si_stime(&self) -> c_long {
libc-0.2.189	src/unix/linux_like/linux/gnu/mod.rs	434	locked-conditional-not-compiled	pub unsafe fn si_addr(&self) -> *mut c_void {
libc-0.2.189	src/unix/linux_like/linux/gnu/mod.rs	445	locked-conditional-not-compiled	pub unsafe fn si_value(&self) -> crate::sigval {
libc-0.2.189	src/unix/linux_like/linux/gnu/mod.rs	494	locked-conditional-not-compiled	unsafe fn sifields(&self) -> &sifields {
libc-0.2.189	src/unix/linux_like/linux/gnu/mod.rs	498	locked-conditional-not-compiled	pub unsafe fn si_pid(&self) -> crate::pid_t {
libc-0.2.189	src/unix/linux_like/linux/gnu/mod.rs	502	locked-conditional-not-compiled	pub unsafe fn si_uid(&self) -> crate::uid_t {
libc-0.2.189	src/unix/linux_like/linux/gnu/mod.rs	506	locked-conditional-not-compiled	pub unsafe fn si_status(&self) -> c_int {
libc-0.2.189	src/unix/linux_like/linux/gnu/mod.rs	510	locked-conditional-not-compiled	pub unsafe fn si_utime(&self) -> c_long {
libc-0.2.189	src/unix/linux_like/linux/gnu/mod.rs	514	locked-conditional-not-compiled	pub unsafe fn si_stime(&self) -> c_long {
libc-0.2.189	src/unix/linux_like/linux/gnu/mod.rs	531	locked-conditional-not-compiled	unsafe {
libc-0.2.189	src/unix/linux_like/linux/gnu/mod.rs	543	locked-conditional-not-compiled	unsafe {
libc-0.2.189	src/unix/linux_like/linux/mod.rs	1049	locked-conditional-not-compiled	note = "this struct has unsafe trait implementations that will be \
libc-0.2.189	src/unix/linux_like/linux/mod.rs	1137	locked-conditional-not-compiled	unsafe { ::core::slice::from_raw_parts(self.iv.as_ptr(), self.ivlen as usize) }
libc-0.2.189	src/unix/linux_like/linux/mod.rs	3379	locked-conditional-not-compiled	pub unsafe fn SO_EE_OFFENDER(ee: *const crate::sock_extended_err) -> *mut crate::sockaddr {
libc-0.2.189	src/unix/linux_like/linux/mod.rs	3383	locked-conditional-not-compiled	pub unsafe fn BPF_CLASS(code: __u32) -> __u32 {
libc-0.2.189	src/unix/linux_like/linux/mod.rs	3387	locked-conditional-not-compiled	pub unsafe fn BPF_SIZE(code: __u32) -> __u32 {
libc-0.2.189	src/unix/linux_like/linux/mod.rs	3391	locked-conditional-not-compiled	pub unsafe fn BPF_MODE(code: __u32) -> __u32 {
libc-0.2.189	src/unix/linux_like/linux/mod.rs	3395	locked-conditional-not-compiled	pub unsafe fn BPF_OP(code: __u32) -> __u32 {
libc-0.2.189	src/unix/linux_like/linux/mod.rs	3399	locked-conditional-not-compiled	pub unsafe fn BPF_SRC(code: __u32) -> __u32 {
libc-0.2.189	src/unix/linux_like/linux/mod.rs	3403	locked-conditional-not-compiled	pub unsafe fn BPF_RVAL(code: __u32) -> __u32 {
libc-0.2.189	src/unix/linux_like/linux/mod.rs	3407	locked-conditional-not-compiled	pub unsafe fn BPF_MISCOP(code: __u32) -> __u32 {
libc-0.2.189	src/unix/linux_like/linux/mod.rs	3411	locked-conditional-not-compiled	pub unsafe fn BPF_STMT(code: __u16, k: __u32) -> sock_filter {
libc-0.2.189	src/unix/linux_like/linux/mod.rs	3420	locked-conditional-not-compiled	pub unsafe fn BPF_JUMP(code: __u16, k: __u32, jt: __u8, jf: __u8) -> sock_filter {
libc-0.2.189	src/unix/linux_like/linux/mod.rs	3425	locked-conditional-not-compiled	pub unsafe fn SUN_LEN(s: crate::sockaddr_un) -> usize {
libc-0.2.189	src/unix/linux_like/linux/mod.rs	3430	locked-conditional-not-compiled	pub unsafe fn SUN_LEN(s: crate::sockaddr_un) -> usize {
libc-0.2.189	src/unix/linux_like/linux/musl/mod.rs	56	locked-conditional-not-compiled	pub unsafe fn si_addr(&self) -> *mut c_void {
libc-0.2.189	src/unix/linux_like/linux/musl/mod.rs	67	locked-conditional-not-compiled	pub unsafe fn si_value(&self) -> crate::sigval {
libc-0.2.189	src/unix/linux_like/linux/musl/mod.rs	107	locked-conditional-not-compiled	unsafe fn sifields(&self) -> &sifields {
libc-0.2.189	src/unix/linux_like/linux/musl/mod.rs	111	locked-conditional-not-compiled	pub unsafe fn si_pid(&self) -> crate::pid_t {
libc-0.2.189	src/unix/linux_like/linux/musl/mod.rs	115	locked-conditional-not-compiled	pub unsafe fn si_uid(&self) -> crate::uid_t {
libc-0.2.189	src/unix/linux_like/linux/musl/mod.rs	119	locked-conditional-not-compiled	pub unsafe fn si_status(&self) -> c_int {
libc-0.2.189	src/unix/linux_like/linux/musl/mod.rs	123	locked-conditional-not-compiled	pub unsafe fn si_utime(&self) -> c_long {
libc-0.2.189	src/unix/linux_like/linux/musl/mod.rs	127	locked-conditional-not-compiled	pub unsafe fn si_stime(&self) -> c_long {
libc-0.2.189	src/unix/linux_like/linux/uclibc/mod.rs	139	locked-conditional-not-compiled	pub unsafe fn si_addr(&self) -> *mut c_void {
libc-0.2.189	src/unix/linux_like/linux/uclibc/mod.rs	150	locked-conditional-not-compiled	pub unsafe fn si_value(&self) -> crate::sigval {
libc-0.2.189	src/unix/linux_like/linux/uclibc/mod.rs	190	locked-conditional-not-compiled	unsafe fn sifields(&self) -> &sifields {
libc-0.2.189	src/unix/linux_like/linux/uclibc/mod.rs	194	locked-conditional-not-compiled	pub unsafe fn si_pid(&self) -> crate::pid_t {
libc-0.2.189	src/unix/linux_like/linux/uclibc/mod.rs	198	locked-conditional-not-compiled	pub unsafe fn si_uid(&self) -> crate::uid_t {
libc-0.2.189	src/unix/linux_like/linux/uclibc/mod.rs	202	locked-conditional-not-compiled	pub unsafe fn si_status(&self) -> c_int {
libc-0.2.189	src/unix/linux_like/linux/uclibc/mod.rs	206	locked-conditional-not-compiled	pub unsafe fn si_utime(&self) -> c_long {
libc-0.2.189	src/unix/linux_like/linux/uclibc/mod.rs	210	locked-conditional-not-compiled	pub unsafe fn si_stime(&self) -> c_long {
libc-0.2.189	src/unix/linux_like/linux_l4re_shared.rs	1441	locked-conditional-not-compiled	pub unsafe fn CMSG_NXTHDR(
libc-0.2.189	src/unix/linux_like/linux_l4re_shared.rs	1477	locked-conditional-not-compiled	pub unsafe fn CPU_ALLOC_SIZE(count: c_int) -> size_t {
libc-0.2.189	src/unix/linux_like/linux_l4re_shared.rs	1483	locked-conditional-not-compiled	pub unsafe fn CPU_ZERO(cpuset: &mut cpu_set_t) -> () {
libc-0.2.189	src/unix/linux_like/linux_l4re_shared.rs	1487	locked-conditional-not-compiled	pub unsafe fn CPU_SET(cpu: usize, cpuset: &mut cpu_set_t) -> () {
libc-0.2.189	src/unix/linux_like/linux_l4re_shared.rs	1493	locked-conditional-not-compiled	pub unsafe fn CPU_CLR(cpu: usize, cpuset: &mut cpu_set_t) -> () {
libc-0.2.189	src/unix/linux_like/linux_l4re_shared.rs	1499	locked-conditional-not-compiled	pub unsafe fn CPU_ISSET(cpu: usize, cpuset: &cpu_set_t) -> bool {
libc-0.2.189	src/unix/linux_like/linux_l4re_shared.rs	1505	locked-conditional-not-compiled	pub unsafe fn CPU_COUNT_S(size: usize, cpuset: &cpu_set_t) -> c_int {
libc-0.2.189	src/unix/linux_like/linux_l4re_shared.rs	1514	locked-conditional-not-compiled	pub unsafe fn CPU_COUNT(cpuset: &cpu_set_t) -> c_int {
libc-0.2.189	src/unix/linux_like/linux_l4re_shared.rs	1518	locked-conditional-not-compiled	pub unsafe fn CPU_EQUAL(set1: &cpu_set_t, set2: &cpu_set_t) -> bool {
libc-0.2.189	src/unix/linux_like/linux_l4re_shared.rs	1522	locked-conditional-not-compiled	pub unsafe fn IPTOS_TOS(tos: u8) -> u8 {
libc-0.2.189	src/unix/linux_like/linux_l4re_shared.rs	1526	locked-conditional-not-compiled	pub unsafe fn IPTOS_PREC(tos: u8) -> u8 {
libc-0.2.189	src/unix/linux_like/linux_l4re_shared.rs	1530	locked-conditional-not-compiled	pub unsafe fn RT_TOS(tos: u8) -> u8 {
libc-0.2.189	src/unix/linux_like/linux_l4re_shared.rs	1534	locked-conditional-not-compiled	pub unsafe fn RT_ADDRCLASS(flags: u32) -> u32 {
libc-0.2.189	src/unix/linux_like/linux_l4re_shared.rs	1538	locked-conditional-not-compiled	pub unsafe fn RT_LOCALADDR(flags: u32) -> bool {
libc-0.2.189	src/unix/linux_like/linux_l4re_shared.rs	1542	locked-conditional-not-compiled	pub unsafe fn ELF32_R_SYM(val: Elf32_Word) -> Elf32_Word {
libc-0.2.189	src/unix/linux_like/linux_l4re_shared.rs	1546	locked-conditional-not-compiled	pub unsafe fn ELF32_R_TYPE(val: Elf32_Word) -> Elf32_Word {
libc-0.2.189	src/unix/linux_like/linux_l4re_shared.rs	1550	locked-conditional-not-compiled	pub unsafe fn ELF32_R_INFO(sym: Elf32_Word, t: Elf32_Word) -> Elf32_Word {
libc-0.2.189	src/unix/linux_like/linux_l4re_shared.rs	1554	locked-conditional-not-compiled	pub unsafe fn ELF64_R_SYM(val: Elf64_Xword) -> Elf64_Xword {
libc-0.2.189	src/unix/linux_like/linux_l4re_shared.rs	1558	locked-conditional-not-compiled	pub unsafe fn ELF64_R_TYPE(val: Elf64_Xword) -> Elf64_Xword {
libc-0.2.189	src/unix/linux_like/linux_l4re_shared.rs	1562	locked-conditional-not-compiled	pub unsafe fn ELF64_R_INFO(sym: Elf64_Xword, t: Elf64_Xword) -> Elf64_Xword {
libc-0.2.189	src/unix/linux_like/mod.rs	1766	locked-conditional-not-compiled	pub unsafe fn CMSG_FIRSTHDR(mhdr: *const crate::msghdr) -> *mut crate::cmsghdr {
libc-0.2.189	src/unix/linux_like/mod.rs	1774	locked-conditional-not-compiled	pub unsafe fn CMSG_DATA(cmsg: *const crate::cmsghdr) -> *mut c_uchar {
libc-0.2.189	src/unix/linux_like/mod.rs	1778	locked-conditional-not-compiled	pub const unsafe fn CMSG_SPACE(length: c_uint) -> c_uint {
libc-0.2.189	src/unix/linux_like/mod.rs	1782	locked-conditional-not-compiled	pub const unsafe fn CMSG_LEN(length: c_uint) -> c_uint {
libc-0.2.189	src/unix/linux_like/mod.rs	1786	locked-conditional-not-compiled	pub unsafe fn FD_CLR(fd: c_int, set: *mut fd_set) -> () {
libc-0.2.189	src/unix/linux_like/mod.rs	1793	locked-conditional-not-compiled	pub unsafe fn FD_ISSET(fd: c_int, set: *const fd_set) -> bool {
libc-0.2.189	src/unix/linux_like/mod.rs	1799	locked-conditional-not-compiled	pub unsafe fn FD_SET(fd: c_int, set: *mut fd_set) -> () {
libc-0.2.189	src/unix/linux_like/mod.rs	1806	locked-conditional-not-compiled	pub unsafe fn FD_ZERO(set: *mut fd_set) -> () {
libc-0.2.189	src/unix/linux_like/mod.rs	1813	locked-conditional-not-compiled	unsafe { __libc_current_sigrtmax() }
libc-0.2.189	src/unix/linux_like/mod.rs	1817	locked-conditional-not-compiled	unsafe { __libc_current_sigrtmin() }
libc-0.2.189	src/unix/mod.rs	46	locked-conditional-not-compiled	unsafe impl Send for DIR {}
libc-0.2.189	src/unix/mod.rs	47	locked-conditional-not-compiled	unsafe impl Sync for DIR {}
libc-0.2.189	src/unix/newlib/mod.rs	819	locked-conditional-not-compiled	pub unsafe fn FD_CLR(fd: c_int, set: *mut fd_set) -> () {
libc-0.2.189	src/unix/newlib/mod.rs	826	locked-conditional-not-compiled	pub unsafe fn FD_ISSET(fd: c_int, set: *const fd_set) -> bool {
libc-0.2.189	src/unix/newlib/mod.rs	832	locked-conditional-not-compiled	pub unsafe fn FD_SET(fd: c_int, set: *mut fd_set) -> () {
libc-0.2.189	src/unix/newlib/mod.rs	839	locked-conditional-not-compiled	pub unsafe fn FD_ZERO(set: *mut fd_set) -> () {
libc-0.2.189	src/unix/nto/arch/x86_64.rs	101	locked-conditional-not-compiled	unsafe {
libc-0.2.189	src/unix/nto/arch/x86_64.rs	111	locked-conditional-not-compiled	unsafe {
libc-0.2.189	src/unix/nto/mod.rs	2263	locked-conditional-not-compiled	pub unsafe fn CMSG_FIRSTHDR(mhdr: *const msghdr) -> *mut cmsghdr {
libc-0.2.189	src/unix/nto/mod.rs	2271	locked-conditional-not-compiled	pub unsafe fn CMSG_NXTHDR(mhdr: *const crate::msghdr, cmsg: *const cmsghdr) -> *mut cmsghdr {
libc-0.2.189	src/unix/nto/mod.rs	2281	locked-conditional-not-compiled	pub unsafe fn CMSG_DATA(cmsg: *const cmsghdr) -> *mut c_uchar {
libc-0.2.189	src/unix/nto/mod.rs	2285	locked-conditional-not-compiled	pub const unsafe fn CMSG_LEN(length: c_uint) -> c_uint {
libc-0.2.189	src/unix/nto/mod.rs	2289	locked-conditional-not-compiled	pub const unsafe fn CMSG_SPACE(length: c_uint) -> c_uint {
libc-0.2.189	src/unix/nto/mod.rs	2293	locked-conditional-not-compiled	pub unsafe fn FD_CLR(fd: c_int, set: *mut fd_set) -> () {
libc-0.2.189	src/unix/nto/mod.rs	2300	locked-conditional-not-compiled	pub unsafe fn FD_ISSET(fd: c_int, set: *const fd_set) -> bool {
libc-0.2.189	src/unix/nto/mod.rs	2306	locked-conditional-not-compiled	pub unsafe fn FD_SET(fd: c_int, set: *mut fd_set) -> () {
libc-0.2.189	src/unix/nto/mod.rs	2313	locked-conditional-not-compiled	pub unsafe fn FD_ZERO(set: *mut fd_set) -> () {
libc-0.2.189	src/unix/nto/mod.rs	2317	locked-conditional-not-compiled	pub unsafe fn _DEXTRA_FIRST(_d: *const dirent) -> *mut crate::dirent_extra {
libc-0.2.189	src/unix/nto/mod.rs	2324	locked-conditional-not-compiled	pub unsafe fn _DEXTRA_VALID(_x: *const crate::dirent_extra, _d: *const dirent) -> bool {
libc-0.2.189	src/unix/nto/mod.rs	2335	locked-conditional-not-compiled	pub unsafe fn _DEXTRA_NEXT(_x: *const crate::dirent_extra) -> *mut crate::dirent_extra {
libc-0.2.189	src/unix/nto/mod.rs	2342	locked-conditional-not-compiled	pub unsafe fn SOCKCREDSIZE(ngrps: usize) -> usize {
libc-0.2.189	src/unix/nto/mod.rs	2944	locked-conditional-not-compiled	pub unsafe fn atexit(cb: extern "C" fn()) -> c_int {
libc-0.2.189	src/unix/nto/mod.rs	2953	locked-conditional-not-compiled	pub unsafe fn si_addr(&self) -> *mut c_void {
libc-0.2.189	src/unix/nto/mod.rs	2962	locked-conditional-not-compiled	pub unsafe fn si_value(&self) -> crate::sigval {
libc-0.2.189	src/unix/nto/mod.rs	2971	locked-conditional-not-compiled	pub unsafe fn si_pid(&self) -> crate::pid_t {
libc-0.2.189	src/unix/nto/mod.rs	2980	locked-conditional-not-compiled	pub unsafe fn si_uid(&self) -> crate::uid_t {
libc-0.2.189	src/unix/nto/mod.rs	2989	locked-conditional-not-compiled	pub unsafe fn si_status(&self) -> c_int {
libc-0.2.189	src/unix/redox/mod.rs	1114	locked-conditional-not-compiled	pub const unsafe fn CMSG_ALIGN(len: size_t) -> size_t {
libc-0.2.189	src/unix/redox/mod.rs	1117	locked-conditional-not-compiled	pub const unsafe fn CMSG_LEN(length: c_uint) -> c_uint {
libc-0.2.189	src/unix/redox/mod.rs	1120	locked-conditional-not-compiled	pub const unsafe fn CMSG_SPACE(len: c_uint) -> c_uint {
libc-0.2.189	src/unix/redox/mod.rs	1125	locked-conditional-not-compiled	pub unsafe fn FD_CLR(fd: c_int, set: *mut fd_set) -> () {
libc-0.2.189	src/unix/redox/mod.rs	1132	locked-conditional-not-compiled	pub unsafe fn FD_ISSET(fd: c_int, set: *const fd_set) -> bool {
libc-0.2.189	src/unix/redox/mod.rs	1138	locked-conditional-not-compiled	pub unsafe fn FD_SET(fd: c_int, set: *mut fd_set) -> () {
libc-0.2.189	src/unix/redox/mod.rs	1145	locked-conditional-not-compiled	pub unsafe fn FD_ZERO(set: *mut fd_set) -> () {
libc-0.2.189	src/unix/solarish/compat.rs	12	locked-conditional-not-compiled	pub unsafe fn cfmakeraw(termios: *mut crate::termios) {
libc-0.2.189	src/unix/solarish/compat.rs	37	locked-conditional-not-compiled	pub unsafe fn cfsetspeed(termios: *mut crate::termios, speed: crate::speed_t) -> c_int {
libc-0.2.189	src/unix/solarish/compat.rs	46	locked-conditional-not-compiled	unsafe fn bail(fdm: c_int, fds: c_int) -> c_int {
libc-0.2.189	src/unix/solarish/compat.rs	59	locked-conditional-not-compiled	pub unsafe fn openpty(
libc-0.2.189	src/unix/solarish/compat.rs	133	locked-conditional-not-compiled	pub unsafe fn forkpty(
libc-0.2.189	src/unix/solarish/compat.rs	184	locked-conditional-not-compiled	pub unsafe fn getpwent_r(
libc-0.2.189	src/unix/solarish/compat.rs	204	locked-conditional-not-compiled	pub unsafe fn getgrent_r(
libc-0.2.189	src/unix/solarish/mod.rs	628	locked-conditional-not-compiled	unsafe {
libc-0.2.189	src/unix/solarish/mod.rs	637	locked-conditional-not-compiled	unsafe {
libc-0.2.189	src/unix/solarish/mod.rs	645	locked-conditional-not-compiled	unsafe {
libc-0.2.189	src/unix/solarish/mod.rs	654	locked-conditional-not-compiled	unsafe {
libc-0.2.189	src/unix/solarish/mod.rs	707	locked-conditional-not-compiled	unsafe fn sidata<T: Copy>(&self) -> T {
libc-0.2.189	src/unix/solarish/mod.rs	710	locked-conditional-not-compiled	pub unsafe fn si_addr(&self) -> *mut c_void {
libc-0.2.189	src/unix/solarish/mod.rs	714	locked-conditional-not-compiled	pub unsafe fn si_uid(&self) -> crate::uid_t {
libc-0.2.189	src/unix/solarish/mod.rs	718	locked-conditional-not-compiled	pub unsafe fn si_value(&self) -> crate::sigval {
libc-0.2.189	src/unix/solarish/mod.rs	722	locked-conditional-not-compiled	pub unsafe fn si_pid(&self) -> crate::pid_t {
libc-0.2.189	src/unix/solarish/mod.rs	726	locked-conditional-not-compiled	pub unsafe fn si_status(&self) -> c_int {
libc-0.2.189	src/unix/solarish/mod.rs	730	locked-conditional-not-compiled	pub unsafe fn si_utime(&self) -> c_long {
libc-0.2.189	src/unix/solarish/mod.rs	734	locked-conditional-not-compiled	pub unsafe fn si_stime(&self) -> c_long {
libc-0.2.189	src/unix/solarish/mod.rs	2221	locked-conditional-not-compiled	pub unsafe fn CMSG_DATA(cmsg: *const cmsghdr) -> *mut c_uchar {
libc-0.2.189	src/unix/solarish/mod.rs	2225	locked-conditional-not-compiled	pub const unsafe fn CMSG_LEN(length: c_uint) -> c_uint {
libc-0.2.189	src/unix/solarish/mod.rs	2229	locked-conditional-not-compiled	pub unsafe fn CMSG_FIRSTHDR(mhdr: *const crate::msghdr) -> *mut cmsghdr {
libc-0.2.189	src/unix/solarish/mod.rs	2237	locked-conditional-not-compiled	pub unsafe fn CMSG_NXTHDR(mhdr: *const crate::msghdr, cmsg: *const cmsghdr) -> *mut cmsghdr {
libc-0.2.189	src/unix/solarish/mod.rs	2251	locked-conditional-not-compiled	pub const unsafe fn CMSG_SPACE(length: c_uint) -> c_uint {
libc-0.2.189	src/unix/solarish/mod.rs	2255	locked-conditional-not-compiled	pub unsafe fn FD_CLR(fd: c_int, set: *mut fd_set) -> () {
libc-0.2.189	src/unix/solarish/mod.rs	2262	locked-conditional-not-compiled	pub unsafe fn FD_ISSET(fd: c_int, set: *const fd_set) -> bool {
libc-0.2.189	src/unix/solarish/mod.rs	2268	locked-conditional-not-compiled	pub unsafe fn FD_SET(fd: c_int, set: *mut fd_set) -> () {
libc-0.2.189	src/unix/solarish/mod.rs	2275	locked-conditional-not-compiled	pub unsafe fn FD_ZERO(set: *mut fd_set) -> () {
libc-0.2.189	src/unix/solarish/mod.rs	2282	locked-conditional-not-compiled	unsafe { crate::sysconf(_SC_SIGRT_MAX) as c_int }
libc-0.2.189	src/unix/solarish/mod.rs	2286	locked-conditional-not-compiled	unsafe { crate::sysconf(_SC_SIGRT_MIN) as c_int }
libc-0.2.189	src/unix/solarish/mod.rs	3019	locked-conditional-not-compiled	pub unsafe fn major(device: crate::dev_t) -> crate::major_t {
libc-0.2.189	src/unix/solarish/mod.rs	3023	locked-conditional-not-compiled	pub unsafe fn minor(device: crate::dev_t) -> crate::minor_t {
libc-0.2.189	src/unix/solarish/mod.rs	3027	locked-conditional-not-compiled	pub unsafe fn makedev(maj: crate::major_t, min: crate::minor_t) -> crate::dev_t {
libc-0.2.189	src/unix/solarish/x86_64.rs	104	locked-conditional-not-compiled	unsafe {
libc-0.2.189	src/unix/solarish/x86_64.rs	117	locked-conditional-not-compiled	unsafe {
libc-0.2.189	src/vxworks/mod.rs	10	locked-conditional-not-compiled	unsafe impl Send for DIR {}
libc-0.2.189	src/vxworks/mod.rs	11	locked-conditional-not-compiled	unsafe impl Sync for DIR {}
libc-0.2.189	src/vxworks/mod.rs	109	locked-conditional-not-compiled	pub unsafe fn si_addr(&self) -> *mut c_void {
libc-0.2.189	src/vxworks/mod.rs	113	locked-conditional-not-compiled	pub unsafe fn si_value(&self) -> crate::sigval {
libc-0.2.189	src/vxworks/mod.rs	117	locked-conditional-not-compiled	pub unsafe fn si_pid(&self) -> crate::pid_t {
libc-0.2.189	src/vxworks/mod.rs	121	locked-conditional-not-compiled	pub unsafe fn si_uid(&self) -> crate::uid_t {
libc-0.2.189	src/vxworks/mod.rs	125	locked-conditional-not-compiled	pub unsafe fn si_status(&self) -> c_int {
libc-0.2.189	src/vxworks/mod.rs	636	locked-conditional-not-compiled	unsafe {
libc-0.2.189	src/vxworks/mod.rs	652	locked-conditional-not-compiled	unsafe {
libc-0.2.189	src/vxworks/mod.rs	664	locked-conditional-not-compiled	unsafe { self.sival_ptr as usize == other.sival_ptr as usize }
libc-0.2.189	src/vxworks/mod.rs	670	locked-conditional-not-compiled	unsafe { (self.sival_ptr as usize).hash(state) };
libc-0.2.189	src/vxworks/mod.rs	1464	locked-conditional-not-compiled	pub const unsafe fn CMSG_ALIGN(len: usize) -> usize {
libc-0.2.189	src/vxworks/mod.rs	1468	locked-conditional-not-compiled	pub unsafe fn CMSG_NXTHDR(mhdr: *const msghdr, cmsg: *const cmsghdr) -> *mut cmsghdr {
libc-0.2.189	src/vxworks/mod.rs	1480	locked-conditional-not-compiled	pub unsafe fn CMSG_FIRSTHDR(mhdr: *const msghdr) -> *mut cmsghdr {
libc-0.2.189	src/vxworks/mod.rs	1488	locked-conditional-not-compiled	pub unsafe fn CMSG_DATA(cmsg: *const cmsghdr) -> *mut c_uchar {
libc-0.2.189	src/vxworks/mod.rs	1492	locked-conditional-not-compiled	pub const unsafe fn CMSG_SPACE(length: c_uint) -> c_uint {
libc-0.2.189	src/vxworks/mod.rs	1496	locked-conditional-not-compiled	pub const unsafe fn CMSG_LEN(length: c_uint) -> c_uint {
libc-0.2.189	src/vxworks/mod.rs	2440	locked-conditional-not-compiled	pub unsafe fn posix_memalign(memptr: *mut *mut c_void, align: size_t, size: size_t) -> c_int {
libc-0.2.189	src/vxworks/mod.rs	2447	locked-conditional-not-compiled	unsafe {
libc-0.2.189	src/wasi/mod.rs	55	locked-conditional-not-compiled	unsafe impl Send for DIR {}
libc-0.2.189	src/wasi/mod.rs	56	locked-conditional-not-compiled	unsafe impl Sync for DIR {}
libc-0.2.189	src/wasi/mod.rs	66	locked-conditional-not-compiled	unsafe impl Send for clockid_t {}
libc-0.2.189	src/wasi/mod.rs	67	locked-conditional-not-compiled	unsafe impl Sync for clockid_t {}
libc-0.2.189	src/wasi/mod.rs	549	locked-conditional-not-compiled	pub static CLOCK_MONOTONIC: clockid_t = unsafe { clockid_t(core::ptr::addr_of!(_CLOCK_MONOTONIC)) };
libc-0.2.189	src/wasi/mod.rs	551	locked-conditional-not-compiled	pub static CLOCK_REALTIME: clockid_t = unsafe { clockid_t(core::ptr::addr_of!(_CLOCK_REALTIME)) };
libc-0.2.189	src/wasi/mod.rs	622	locked-conditional-not-compiled	pub unsafe fn FD_ISSET(fd: c_int, set: *const fd_set) -> bool {
libc-0.2.189	src/wasi/mod.rs	628	locked-conditional-not-compiled	pub unsafe fn FD_SET(fd: c_int, set: *mut fd_set) -> () {
libc-0.2.189	src/wasi/mod.rs	637	locked-conditional-not-compiled	pub unsafe fn FD_ZERO(set: *mut fd_set) -> () {
proc-macro2-1.0.107	src/fallback.rs	107	locked-conditional-not-compiled	unsafe { ptr::read(&nodrop.inner) }.make_owned()
proc-macro2-1.0.107	src/fallback.rs	1002	locked-conditional-not-compiled	pub(crate) unsafe fn from_str_unchecked(repr: &str) -> Self {
proc-macro2-1.0.107	src/lib.rs	1421	locked-conditional-not-compiled	pub unsafe fn from_str_unchecked(repr: &str) -> Self {
proc-macro2-1.0.107	src/lib.rs	1422	locked-conditional-not-compiled	Literal::_new(unsafe { imp::Literal::from_str_unchecked(repr) })
proc-macro2-1.0.107	src/wrapper.rs	802	locked-conditional-not-compiled	pub(crate) unsafe fn from_str_unchecked(repr: &str) -> Self {
proc-macro2-1.0.107	src/wrapper.rs	806	locked-conditional-not-compiled	Literal::Fallback(unsafe { fallback::Literal::from_str_unchecked(repr) })
semver-1.0.28	src/identifier.rs	94	host-build-only	const HEAD: NonNull<u8> = unsafe { NonNull::new_unchecked(!0 as *mut u8) };
semver-1.0.28	src/identifier.rs	104	host-build-only	pub(crate) unsafe fn new_unchecked(string: &str) -> Self {
semver-1.0.28	src/identifier.rs	113	host-build-only	unsafe { ptr::copy_nonoverlapping(string.as_ptr(), bytes.as_mut_ptr(), len) };
semver-1.0.28	src/identifier.rs	116	host-build-only	unsafe { mem::transmute::<[u8; mem::size_of::<Identifier>()], Identifier>(bytes) }
semver-1.0.28	src/identifier.rs	120	host-build-only	let size = bytes_for_varint(unsafe { NonZeroUsize::new_unchecked(len) }) + len;
semver-1.0.28	src/identifier.rs	137	host-build-only	let layout = unsafe { Layout::from_size_align_unchecked(size, align) };
semver-1.0.28	src/identifier.rs	139	host-build-only	let ptr = unsafe { alloc(layout) };
semver-1.0.28	src/identifier.rs	148	host-build-only	unsafe { ptr::write(write, varint_remaining as u8 | 0x80) };
semver-1.0.28	src/identifier.rs	151	host-build-only	write = unsafe { write.add(1) };
semver-1.0.28	src/identifier.rs	155	host-build-only	unsafe { ptr::copy_nonoverlapping(string.as_ptr(), write, len) };
semver-1.0.28	src/identifier.rs	193	host-build-only	unsafe { inline_as_str(self) }
semver-1.0.28	src/identifier.rs	196	host-build-only	unsafe { ptr_as_str(&self.head) }
semver-1.0.28	src/identifier.rs	215	host-build-only	let len = unsafe { decode_len(ptr) };
semver-1.0.28	src/identifier.rs	222	host-build-only	let layout = unsafe { Layout::from_size_align_unchecked(size, align) };
semver-1.0.28	src/identifier.rs	224	host-build-only	let clone = unsafe { alloc(layout) };
semver-1.0.28	src/identifier.rs	231	host-build-only	unsafe { ptr::copy_nonoverlapping(ptr, clone, size) }
semver-1.0.28	src/identifier.rs	247	host-build-only	let len = unsafe { decode_len(ptr) };
semver-1.0.28	src/identifier.rs	253	host-build-only	let layout = unsafe { Layout::from_size_align_unchecked(size, align) };
semver-1.0.28	src/identifier.rs	256	host-build-only	unsafe { dealloc(ptr, layout) }
semver-1.0.28	src/identifier.rs	269	host-build-only	unsafe { ptr_as_str(&self.head) == ptr_as_str(&rhs.head) }
semver-1.0.28	src/identifier.rs	274	host-build-only	unsafe impl Send for Identifier {}
semver-1.0.28	src/identifier.rs	275	host-build-only	unsafe impl Sync for Identifier {}
semver-1.0.28	src/identifier.rs	292	host-build-only	unsafe { NonNull::new_unchecked(modified) }
semver-1.0.28	src/identifier.rs	317	host-build-only	unsafe fn inline_len(repr: &Identifier) -> NonZeroUsize {
semver-1.0.28	src/identifier.rs	321	host-build-only	let repr = unsafe { ptr::addr_of!(*repr).cast::<NonZeroU64>().read() };
semver-1.0.28	src/identifier.rs	332	host-build-only	unsafe { NonZeroUsize::new_unchecked(nonzero_bytes) }
semver-1.0.28	src/identifier.rs	337	host-build-only	unsafe fn inline_as_str(repr: &Identifier) -> &str {
semver-1.0.28	src/identifier.rs	339	host-build-only	let len = unsafe { inline_len(repr) }.get();
semver-1.0.28	src/identifier.rs	343	host-build-only	let slice = unsafe { slice::from_raw_parts(ptr, len) };
semver-1.0.28	src/identifier.rs	346	host-build-only	unsafe { str::from_utf8_unchecked(slice) }
semver-1.0.28	src/identifier.rs	356	host-build-only	unsafe fn decode_len(ptr: *const u8) -> NonZeroUsize {
semver-1.0.28	src/identifier.rs	360	host-build-only	let [first, second] = unsafe { ptr.cast::<[u8; 2]>().read() };
semver-1.0.28	src/identifier.rs	365	host-build-only	unsafe { NonZeroUsize::new_unchecked((first & 0x7f) as usize) }
semver-1.0.28	src/identifier.rs	367	host-build-only	return unsafe { decode_len_cold(ptr) };
semver-1.0.28	src/identifier.rs	373	host-build-only	unsafe fn decode_len_cold(mut ptr: *const u8) -> NonZeroUsize {
semver-1.0.28	src/identifier.rs	380	host-build-only	let byte = unsafe { *ptr };
semver-1.0.28	src/identifier.rs	384	host-build-only	return unsafe { NonZeroUsize::new_unchecked(len) };
semver-1.0.28	src/identifier.rs	387	host-build-only	ptr = unsafe { ptr.add(1) };
semver-1.0.28	src/identifier.rs	397	host-build-only	unsafe fn ptr_as_str(repr: &NonNull<u8>) -> &str {
semver-1.0.28	src/identifier.rs	399	host-build-only	let len = unsafe { decode_len(ptr) };
semver-1.0.28	src/identifier.rs	401	host-build-only	let slice = unsafe { slice::from_raw_parts(ptr.add(header), len.get()) };
semver-1.0.28	src/identifier.rs	404	host-build-only	unsafe { str::from_utf8_unchecked(slice) }
semver-1.0.28	src/parse.rs	103	host-build-only	unsafe { comparators.set_len(len) }
semver-1.0.28	src/parse.rs	210	host-build-only	let identifier = unsafe { Identifier::new_unchecked(string) };
semver-1.0.28	src/parse.rs	216	host-build-only	let identifier = unsafe { Identifier::new_unchecked(string) };
semver-1.0.28	src/parse.rs	382	host-build-only	unsafe { out.as_mut_ptr().add(depth).write(comparator) }
semver-1.0.28	src/parse.rs	402	host-build-only	unsafe { out.as_mut_ptr().add(depth).write(comparator) }
sha2-0.10.9	src/sha256/aarch64.rs	17	hardware-gated-on-none-or-other-arch	unsafe { sha256_compress(state, blocks) }
sha2-0.10.9	src/sha256/aarch64.rs	24	hardware-gated-on-none-or-other-arch	unsafe fn sha256_compress(state: &mut [u32; 8], blocks: &[[u8; 64]]) {
sha2-0.10.9	src/sha256/aarch64.rs	110	hardware-gated-on-none-or-other-arch	unsafe fn vsha256hq_u32(
sha2-0.10.9	src/sha256/aarch64.rs	124	hardware-gated-on-none-or-other-arch	unsafe fn vsha256h2q_u32(
sha2-0.10.9	src/sha256/aarch64.rs	138	hardware-gated-on-none-or-other-arch	unsafe fn vsha256su0q_u32(mut w0_3: uint32x4_t, w4_7: uint32x4_t) -> uint32x4_t {
sha2-0.10.9	src/sha256/aarch64.rs	148	hardware-gated-on-none-or-other-arch	unsafe fn vsha256su1q_u32(
sha2-0.10.9	src/sha256/loongarch64_asm.rs	86	hardware-gated-on-none-or-other-arch	unsafe {
sha2-0.10.9	src/sha256/x86.rs	10	hardware-gated-on-none-or-other-arch	unsafe fn schedule(v0: __m128i, v1: __m128i, v2: __m128i, v3: __m128i) -> __m128i {
sha2-0.10.9	src/sha256/x86.rs	42	hardware-gated-on-none-or-other-arch	unsafe fn digest_blocks(state: &mut [u32; 8], blocks: &[[u8; 64]]) {
sha2-0.10.9	src/sha256/x86.rs	106	hardware-gated-on-none-or-other-arch	unsafe {
sha2-0.10.9	src/sha256.rs	41	compiled-runtime-source	let blocks = unsafe { core::slice::from_raw_parts(p, blocks.len()) };
sha2-0.10.9	src/sha512/aarch64.rs	13	hardware-gated-on-none-or-other-arch	unsafe { sha512_compress(state, blocks) }
sha2-0.10.9	src/sha512/aarch64.rs	20	hardware-gated-on-none-or-other-arch	unsafe fn sha512_compress(state: &mut [u64; 8], blocks: &[[u8; 128]]) {
sha2-0.10.9	src/sha512/aarch64.rs	186	hardware-gated-on-none-or-other-arch	unsafe fn vsha512hq_u64(
sha2-0.10.9	src/sha512/aarch64.rs	200	hardware-gated-on-none-or-other-arch	unsafe fn vsha512h2q_u64(
sha2-0.10.9	src/sha512/aarch64.rs	214	hardware-gated-on-none-or-other-arch	unsafe fn vsha512su0q_u64(mut w0_1: uint64x2_t, w2_: uint64x2_t) -> uint64x2_t {
sha2-0.10.9	src/sha512/aarch64.rs	224	hardware-gated-on-none-or-other-arch	unsafe fn vsha512su1q_u64(
sha2-0.10.9	src/sha512/loongarch64_asm.rs	85	hardware-gated-on-none-or-other-arch	unsafe {
sha2-0.10.9	src/sha512/x86.rs	20	hardware-gated-on-none-or-other-arch	unsafe {
sha2-0.10.9	src/sha512/x86.rs	29	hardware-gated-on-none-or-other-arch	unsafe fn sha512_compress_x86_64_avx2(state: &mut [u64; 8], blocks: &[[u8; 128]]) {
sha2-0.10.9	src/sha512/x86.rs	58	hardware-gated-on-none-or-other-arch	unsafe fn sha512_compress_x86_64_avx(state: &mut [u64; 8], block: &[u8; 128]) {
sha2-0.10.9	src/sha512/x86.rs	71	hardware-gated-on-none-or-other-arch	unsafe fn load_data_avx(x: &mut [__m128i; 8], ms: &mut MsgSchedule, data: *const __m128i) {
sha2-0.10.9	src/sha512/x86.rs	93	hardware-gated-on-none-or-other-arch	unsafe fn load_data_avx2(
sha2-0.10.9	src/sha512/x86.rs	126	hardware-gated-on-none-or-other-arch	unsafe fn rounds_0_63_avx(current_state: &mut State, x: &mut [__m128i; 8], ms: &mut MsgSchedule) {
sha2-0.10.9	src/sha512/x86.rs	147	hardware-gated-on-none-or-other-arch	unsafe fn rounds_0_63_avx2(
sha2-0.10.9	src/sha512/x86.rs	254	hardware-gated-on-none-or-other-arch	unsafe fn $name(x: &mut [$ty; 8], k64: $ty) -> $ty {
sha2-0.10.9	src/sha512/x86.rs	341	hardware-gated-on-none-or-other-arch	unsafe { &*(ms as *const MsgSchedule as *const _) }
sha2-0.10.9	src/sha512/x86.rs	346	hardware-gated-on-none-or-other-arch	unsafe { &*(rs as *const RoundStates as *const _) }
sha2-0.10.9	src/sha512.rs	43	compiled-runtime-source	let blocks = unsafe { core::slice::from_raw_parts(p, blocks.len()) };
subtle-2.6.1	src/lib.rs	225	compiled-runtime-source	unsafe {
subtle-2.6.1	src/lib.rs	564	compiled-runtime-source	unsafe { *((&ret as *const _) as *const cmp::Ordering) }
syn-2.0.119	src/buffer.rs	87	locked-conditional-not-compiled	unsafe { Cursor::create(ptr, ptr.add(self.entries.len() - 1)) }
syn-2.0.119	src/buffer.rs	121	locked-conditional-not-compiled	unsafe impl Sync for UnsafeSyncEntry {}
syn-2.0.119	src/buffer.rs	134	locked-conditional-not-compiled	unsafe fn create(mut ptr: *const Entry, scope: *const Entry) -> Self {
syn-2.0.119	src/buffer.rs	139	locked-conditional-not-compiled	while let Entry::End(..) = unsafe { &*ptr } {
syn-2.0.119	src/buffer.rs	143	locked-conditional-not-compiled	ptr = unsafe { ptr.add(1) };
syn-2.0.119	src/buffer.rs	155	locked-conditional-not-compiled	unsafe { &*self.ptr }
syn-2.0.119	src/buffer.rs	164	locked-conditional-not-compiled	unsafe fn bump_ignore_group(self) -> Cursor<'a> {
syn-2.0.119	src/buffer.rs	165	locked-conditional-not-compiled	unsafe { Cursor::create(self.ptr.add(1), self.scope) }
syn-2.0.119	src/buffer.rs	176	locked-conditional-not-compiled	unsafe { *self = self.bump_ignore_group() };
syn-2.0.119	src/buffer.rs	195	locked-conditional-not-compiled	Entry::Ident(ident) => Some((ident.clone(), unsafe { self.bump_ignore_group() })),
syn-2.0.119	src/buffer.rs	206	locked-conditional-not-compiled	Some((punct.clone(), unsafe { self.bump_ignore_group() }))
syn-2.0.119	src/buffer.rs	217	locked-conditional-not-compiled	Entry::Literal(literal) => Some((literal.clone(), unsafe { self.bump_ignore_group() })),
syn-2.0.119	src/buffer.rs	228	locked-conditional-not-compiled	let next = unsafe { self.bump_ignore_group() };
syn-2.0.119	src/buffer.rs	253	locked-conditional-not-compiled	let end_of_group = unsafe { self.ptr.add(*end_offset) };
syn-2.0.119	src/buffer.rs	254	locked-conditional-not-compiled	let inside_of_group = unsafe { Cursor::create(self.ptr.add(1), end_of_group) };
syn-2.0.119	src/buffer.rs	255	locked-conditional-not-compiled	let after_group = unsafe { Cursor::create(end_of_group, self.scope) };
syn-2.0.119	src/buffer.rs	269	locked-conditional-not-compiled	let end_of_group = unsafe { self.ptr.add(*end_offset) };
syn-2.0.119	src/buffer.rs	270	locked-conditional-not-compiled	let inside_of_group = unsafe { Cursor::create(self.ptr.add(1), end_of_group) };
syn-2.0.119	src/buffer.rs	271	locked-conditional-not-compiled	let after_group = unsafe { Cursor::create(end_of_group, self.scope) };
syn-2.0.119	src/buffer.rs	280	locked-conditional-not-compiled	let end_of_group = unsafe { self.ptr.add(*end_offset) };
syn-2.0.119	src/buffer.rs	281	locked-conditional-not-compiled	let after_group = unsafe { Cursor::create(end_of_group, self.scope) };
syn-2.0.119	src/buffer.rs	316	locked-conditional-not-compiled	let rest = unsafe { Cursor::create(self.ptr.add(len), self.scope) };
syn-2.0.119	src/buffer.rs	329	locked-conditional-not-compiled	self.ptr = unsafe { self.ptr.offset(*offset) };
syn-2.0.119	src/buffer.rs	344	locked-conditional-not-compiled	self.ptr = unsafe { self.ptr.sub(1) };
syn-2.0.119	src/buffer.rs	361	locked-conditional-not-compiled	match unsafe { &*self.ptr.add(1) } {
syn-2.0.119	src/buffer.rs	371	locked-conditional-not-compiled	Some(unsafe { Cursor::create(self.ptr.add(len), self.scope) })
syn-2.0.119	src/buffer.rs	375	locked-conditional-not-compiled	match unsafe { &*self.scope } {
syn-2.0.119	src/buffer.rs	376	locked-conditional-not-compiled	Entry::End(_, offset) => match unsafe { &*self.scope.offset(*offset) } {
syn-2.0.119	src/buffer.rs	420	locked-conditional-not-compiled	unsafe {
syn-2.0.119	src/discouraged.rs	199	locked-conditional-not-compiled	.set(unsafe { mem::transmute::<Cursor, Cursor<'static>>(fork.cursor()) });
syn-2.0.119	src/parse.rs	383	locked-conditional-not-compiled	unsafe { mem::transmute::<Cursor<'c>, Cursor<'a>>(to) }
syn-2.0.119	src/parse.rs	394	locked-conditional-not-compiled	cell: Cell::new(unsafe { mem::transmute::<Cursor, Cursor<'static>>(cursor) }),
syn-2.0.119	src/thread.rs	12	locked-conditional-not-compiled	unsafe impl<T> Sync for ThreadBound<T> {}
syn-2.0.119	src/thread.rs	18	locked-conditional-not-compiled	unsafe impl<T: Copy> Send for ThreadBound<T> {}
syn-2.0.119	src/token.rs	314	locked-conditional-not-compiled	unsafe { &*(self as *const Self).cast::<WithSpan>() }
syn-2.0.119	src/token.rs	320	locked-conditional-not-compiled	unsafe { &mut *(self as *mut Self).cast::<WithSpan>() }
unicode-ident-1.0.26	src/lib.rs	270	locked-conditional-not-compiled	unsafe { LEAF.0.get_unchecked(offset) }.wrapping_shr(ch as u32 % 8) & 1 != 0
unicode-ident-1.0.26	src/lib.rs	283	locked-conditional-not-compiled	unsafe { LEAF.0.get_unchecked(offset) }.wrapping_shr(ch as u32 % 8) & 1 != 0
