crate	version	bytes	sha256	upstream	mirror_repo
addr2line	0.24.2	39015	dfbe277e56a376000877090da837660b4427aad530e3028d44e0bffe4f89a1c1	lwx270901_registryintern
adler	1.0.2	12778	f26201604c87b1e01bd3d98f8d5d9a8fcbb815e8cedb41ffccbeb4bf593a35fe	shards-lang_rust-registry
adler2	2.0.0	13529	512761e0bb2578dd7380c6baaa0f4ce03e84f95e960231d1dec8bf4d7d6e2627	lwx270901_registryintern
aho-corasick	0.6.9	25979	1e9a933f4e58658d7b12defcf96dc5c720f20832deebe3e0a19efd3b6aaeeb9e	pombredanne_crates_popular
aho-corasick	0.7.18	112923	1e37cfd5e7657ada45f742d6e99ca5788580b5c529dc78faf11ece6dc702656f	shards-lang_rust-registry
aho-corasick	1.1.3	183311	8e60d3430d3a69478ad0993f19238d2df97c507009a52b3c10addcd7f6bcb916	lwx270901_registryintern
anyhow	1.0.89	47078	86fdf8605db99b54d3cd748a44c6d04df638eb5dafb219b135d0149bd0db01f6	lwx270901_registryintern
arrayref	0.3.6	10035	a4c527152e37cf757a3f78aae5a06fbeefdb07ccc535c980a3208ee3060dd544	shards-lang_rust-registry
arrayvec	0.5.2	27838	23b62fc65de8e4e7f52534fb52b0f3ed04746ae267519eef2a83941e8085068b	shards-lang_rust-registry
arrayvec	0.7.1	28812	be4dc07131ffa69b8072d35f5007352af944213cde02545e2103680baed38fcd	shards-lang_rust-registry
autocfg	0.1.2	10444	a6d640bee2da49f60a4068a7fae53acde8982514ab7bae8b8cea9e88cbcfd799	pombredanne_crates_popular
autocfg	1.0.1	12908	cdb031dd78e28731d87d56cc8ffef4a8f36ca26c38fe2de700543e627f8a464a	shards-lang_rust-registry
autocfg	1.4.0	17712	ace50bade8e6234aa140d9a2f552bbee1db4d353f69b8217bc503490fc1a9f26	lwx270901_registryintern
backtrace	0.3.74	88516	8d82cb332cdfaed17ae235a638438ac4d4839913cc2af585c3c6746e8f8bee1a	lwx270901_registryintern
base64	0.10.1	41988	0b25d992356d2eb0ed82172f5248873db5560c4721f564b13cb5193bda5e668e	lwx270901_registryintern
base64	0.12.3	57545	3441f0f7b02788e948e47f457ca01f1d7e6d92c693bc132c22b087d3141c03ff	shards-lang_rust-registry
base64	0.13.0	62070	904dfeac50f3cdaba28fc6f57fdcddb75f49ed61346676a78c4ffe55877802fd	shards-lang_rust-registry
base64	0.21.7	82576	9d297deb1925b89f2ccc13d7635fa0714f12c87adce1c75356b39ca9b7178567	lwx270901_registryintern
base64	0.22.1	81597	72b3254f16251a8381aa12e40e3c4d2f0199f8c6508fbecb9d91f575e0fbb8c6	lwx270901_registryintern
bindgen	0.58.1	201394	0f8523b410d7187a43085e7e064416ea32ded16bd0a4e6fc025e21616d01258f	shards-lang_rust-registry
bit-set	0.5.3	14470	0700ddab506f33b20a03b13996eccd309a48e5ff77d0d95926aa0210fb4e95f1	lwx270901_registryintern
bit-vec	0.6.3	19927	349f9b6a179ed607305526ca489b34ad0a41aed5f7980fa90eb03160b69598fb	lwx270901_registryintern
bitflags	1.0.4	15282	228047a76f468627ca71776ecdebd732a3423081fcf5125585bcd7c49886ce12	pombredanne_crates_popular
bitflags	1.2.1	16745	cf1de2fe8c75bc145a2f577add951f8134889b4795d47466a54a5c846d691693	shards-lang_rust-registry
bitflags	1.3.2	23021	bef38d45163c2f1dde094a7dfd33ccf595c92905c8f8f4fdc18d06fb1037718a	lwx270901_registryintern
bitflags	2.6.0	45357	b048fb63fd8b5923fc5aa7b340d8e156aec7ec02f0c78fa8a6ddc2613f6f71de	lwx270901_registryintern
block-buffer	0.9.0	7108	4152116fd6e9dadb291ae18fc1ec3575ed6d84c29642d97890f4b4a3417297e4	shards-lang_rust-registry
bumpalo	3.16.0	85677	79296716171880943b8470b5f8d03aa55eb2e645a4874bdbb28adb49162e012c	lwx270901_registryintern
bumpalo	3.6.1	133836	63396b8a4b9de3f4fdfb320ab6080762242f66a8ef174c49d8e19b674db4cdbe	shards-lang_rust-registry
byteorder	1.3.1	20959	a019b10a2a7cdeb292db131fc8113e57ea2a908f6e7894b0c3c671893b65dbeb	pombredanne_crates_popular
byteorder	1.4.3	22512	14c189c53d098945499cdfa7ecc63567cf3886b3332b312a5b4585d8d3a6a610	shards-lang_rust-registry
byteorder	1.5.0	23288	1fd0f2584146f6f2ef48085050886acf353beff7305ebd1ae69500e27c67f64b	lwx270901_registryintern
cc	1.0.67	53486	e3c69b077ad434294d3ce9f1f6143a2a4b89a8a2d54ef813d85003a4fd1137fd	shards-lang_rust-registry
cc	1.1.28	84424	2e80e3b6a3ab07840e1cae9b0666a63970dc28e8ed5ffbcdacbfc760c281bfc1	lwx270901_registryintern
cexpr	0.4.0	18023	f4aedb84272dbe89af497cf81375129abda4fc0a9e7c5d317498c15cc30c0d27	shards-lang_rust-registry
cfg-if	0.1.10	7933	4785bdd1c96b2a846b2bd7cc02e86b6b3dbf14e7e53446c4f54c92a361040822	lwx270901_registryintern
cfg-if	0.1.6	7411	082bb9b28e00d3c9d39cc03e64ce4cea0f1bb9b3fde493f0cbc008472d22bdf4	pombredanne_crates_popular
cfg-if	1.0.0	7934	baf1de4339761588bc0619e3cbc0120ee582ebb74b53b4efbf79117bd2da40fd	lwx270901_registryintern
clang-sys	1.2.0	36874	853eda514c284c2287f4bf20ae614f8781f40a81d32ecda6e91449304dfe077c	shards-lang_rust-registry
compile-time-crc32	0.1.2	1184	279fa6d9b7fb86db424a0c391717284bfcb62a240254bda95fe7c9ee18e9a36a	shards-lang_rust-registry
compile-time-crc32-impl	0.1.0	2137	0cc67897b6fc5a8692e747940b636d05451937a43b40b0130f11d0f734ef823d	shards-lang_rust-registry
const_fn	0.4.7	12619	402da840495de3f976eaefc3485b7f5eb5b0bf9761f9a47be27fe975b3b8c2ec	shards-lang_rust-registry
cpufeatures	0.1.1	9863	dec1028182c380cc45a2e2c5ec841134f2dfd0f8f5f0a5bcd68004f81b5efdf4	shards-lang_rust-registry
crc32fast	1.2.1	38172	81156fece84ab6a9f2afdb109ce3ae577e42b1228441eded99bd77f627953b1a	shards-lang_rust-registry
crypto-mac	0.8.0	9115	b584a330336237c1eecd3e94266efb216c56ed91225d634cb2991c5f3fd1aeab	shards-lang_rust-registry
destructure_traitobject	0.2.0	6526	3c877555693c14d2f84191cfd3ad8582790fc52b5e2274b40b59cf5f5cea25c7	lwx270901_registryintern
digest	0.9.0	13247	d3dd60d1080a57a05ab032377049e0591415d2b31afd7028356dbf3cc6dcb066	shards-lang_rust-registry
downcast-rs	1.2.0	11670	9ea835d29036a4087793836fa931b08837ad5e957da9e23886b29586fb9b6650	shards-lang_rust-registry
either	1.13.0	19169	60b1af1c220855b6ceac025d3f6ecdd2b7c4894bfe9cd9bda4fbb4bc7c0d4cf0	lwx270901_registryintern
either	1.6.1	13641	e78d4f1cc4ae33bbfc157ed5d5a5ef3bc29227303d595861deb238fcec4e9457	shards-lang_rust-registry
equivalent	1.0.1	6615	5443807d6dff69373d433ab9ef5378ad8df50ca6298caf15de6e52e24aaf54d5	lwx270901_registryintern
errno	0.3.9	10690	534c5cf6194dfab3db3242765c03bbe257cf92f22b38f6bc0c58d59108a820ba	lwx270901_registryintern
fixedbitset	0.4.2	15954	0ce7134b9999ecaf8bcd65542e436736ef32ddca1b3e06094cb6ec5755203b80	lwx270901_registryintern
flate2	1.0.20	74036	cd3aec53de10fe96d7d8c565eb17f2c687bb5518a2ec453b5b1252964526abe0	shards-lang_rust-registry
fnv	1.0.7	11266	3f9eec918d3f24069decb9af1554cad7c880e2da24a9afd88aca000531ab82c1	lwx270901_registryintern
generic-array	0.14.4	28916	501466ecc8a30d1d3b7fc9229b122b2ce8ed6e9d9223f1138d4babb253e51817	shards-lang_rust-registry
getrandom	0.1.16	25077	8fc3cb4d91f53b50155bdcfd23f6a4c39ae1969c2ae85982b135750cccaf5fce	shards-lang_rust-registry
getrandom	0.2.15	37163	c4567c8db10ae91089c99af84c68c38da3ec2f087c3f82960bcdbf3656b6f4d7	lwx270901_registryintern
getrandom	0.2.2	26010	c9495705279e7140bf035dde1f6e750c162df8b625267cd52cc44e0b156732c8	shards-lang_rust-registry
gimli	0.31.1	279515	07e28edb80900c19c28f1072f2e8aeca7fa06b23cd4169cefe1af5aa3260783f	lwx270901_registryintern
glob	0.3.0	18724	9b919933a397b79c37e33b77bb2aa3dc8eb6e165ad809e58ff75bc7db2e34574	shards-lang_rust-registry
glob	0.3.1	18880	d2fabcfbdc87f4758337ca535fb41a6d701b65693ce38287d856d1674551ec9b	lwx270901_registryintern
hashbrown	0.12.3	102968	8a9ee70c43aaf417c914396645a0fa852624801b24ebb7ae78fe8272889ac888	lwx270901_registryintern
hashbrown	0.15.0	136460	1e087f84d4f86bf4b218b927129862374b72199ae7d8657835f1e89000eea4fb	lwx270901_registryintern
hashbrown	0.9.1	77734	d7afe4a420e3fe79967a00898cc1f4db7c8a49a9333a29f8a4bd76a253d5cd04	shards-lang_rust-registry
heck	0.5.0	11517	2304e00983f87ffb38b55b444b5e3b60a884b5d30c0fca7d82fe33449bbe55ea	lwx270901_registryintern
hermit-abi	0.1.18	9936	322f4de77956e22ed0e5032c359a0f1273f1f7f0d79bfa3b8ffbc730d7fbcc5c	shards-lang_rust-registry
hermit-abi	0.3.9	16165	d231dfb89cfffdbc30e7fc41579ed6066ad03abda9e567ccafae602b97ec5024	lwx270901_registryintern
hermit-abi	0.4.0	16310	fbf6a919d6cf397374f7dfeeea91d974c7c0a7221d0d0f4f20d859d329e53fcc	lwx270901_registryintern
hex	0.4.3	13299	7f24254aa9a54b5c858eaee2f5bccdb46aaf0e486a595ed5fd8f86ba55232a70	lwx270901_registryintern
hmac	0.8.1	10817	126888268dcc288495a26bf004b38c5fdbb31682f992c84ceb046a1f0fe38840	shards-lang_rust-registry
indexmap	1.6.2	50225	824845a0bf897a9042383849b02c1bc219c2383772efcd5c6f9766fa4b81aef3	shards-lang_rust-registry
indexmap	1.9.3	54653	bd070e393353796e801d209ad339e89596eb4c8d430d18ede6a1cced8fafbd99	lwx270901_registryintern
indexmap	2.6.0	85204	707907fe3c25f5424cce2cb7e1cbcafee6bdbe735ca90ef77c29e84591e5b9da	lwx270901_registryintern
itertools	0.10.5	115354	b0fd2260e829bddf4cb6ea802289de2f86d6a7a690192fbe91b3f46e0f2c8473	lwx270901_registryintern
itertools	0.11.0	125074	b1c173a5686ce8bfa551b3563d0c2170bf24ca44da99c7ca4bfdab5418c3fe57	lwx270901_registryintern
itoa	0.4.3	11061	1306f3464951f30e30d12373d31c79fbd52d236e5e896fd92f96ec7babbbe60b	pombredanne_crates_popular
itoa	0.4.7	12099	dd25036021b0de88a0aff6b850051563c6516d0bf53f8638938edbb9de732736	shards-lang_rust-registry
itoa	0.4.8	11926	b71991ff56294aa922b450139ee08b3bfc70982c6b2c7562771375cf73542dd4	lwx270901_registryintern
itoa	1.0.11	10563	49f1f14873335454500d59611f1cf4a4b0f786f9ac11f4312a78e4cf2566695b	lwx270901_registryintern
js-sys	0.3.50	67123	2d99f9e3e84b8f67f846ef5b4cbbc3b1c29f6c759fcbce6f01aa0e73d932a24c	shards-lang_rust-registry
js-sys	0.3.70	53863	1868808506b929d7b0cfa8f75951347aa71bb21144b7791bae35d9bccfcfe37a	lwx270901_registryintern
lazy_static	1.2.0	10840	a374c89b9db55895453a74c1e38861d9deec0b01b405a82516e9d5de4820dea1	pombredanne_crates_popular
lazy_static	1.4.0	10443	e2abad23fbc42b3700f2f279844dc832adb2b2eb069b2df918f455c4e18cc646	shards-lang_rust-registry
lazy_static	1.5.0	14025	bbd2bcb4c963f2ddae06a2efc7e9f3591312473c50c6685e1f298068316e66fe	lwx270901_registryintern
libc	0.2.159	755366	561d97a539a36e26a9a5fad1ea11a3039a67714694aaa379433e580854bc3dc5	lwx270901_registryintern
libc	0.2.174	779933	1171693293099992e19cddea4e8b849964e9846f4acee11b3948bcc337be8776	lwx270901_registryintern
libc	0.2.48	353045	e962c7641008ac010fa60a7dfdc1712449f29c44ef2d4702394aea943ee75047	pombredanne_crates_popular
libc	0.2.94	511713	18794a8ad5b29321f790b55d93dfba91e125cb1a9edbd4f8e3150acc771c1a5e	shards-lang_rust-registry
libloading	0.7.0	26216	6f84d96438c15fcd6c3f244c8fce01d1e2b9c6b5623e9c711dc9286d8fc92d6a	shards-lang_rust-registry
linux-raw-sys	0.4.14	1826665	78b3ae25bc7c8c38cec158d1f2757ee79e9b3740fbc7ccf0e59e4b08d793fa89	lwx270901_registryintern
lock_api	0.3.4	18750	c4da24a77a3d8a6d4862d95f72e6fdb9c09a643ecdb402d754004a557f2bec75	lwx270901_registryintern
lock_api	0.4.12	27591	07af8b9cdd281b7915f413fa73f29ebd5d55d0d3f0155584dade1ff18cea1b17	lwx270901_registryintern
log	0.4.14	34582	51b9bbe6c47d51fc3e1a9b945965946b4c44142ab8792c50835a980d362c2710	shards-lang_rust-registry
log	0.4.22	44027	a7a70ba024b9dc04c27ea2f0c0548feb474ec5c54bba33a7f72f873a39d07b24	lwx270901_registryintern
log	0.4.6	22303	c84ec4b527950aa83a329754b01dbe3f58361d1c5efacd1f6d68c494d08a17c6	pombredanne_crates_popular
memchr	2.2.0	20939	2efc7bc57c883d4a4d6e3246905283d8dae951bb3bd32f49d6ef297f546e1c39	pombredanne_crates_popular
memchr	2.4.0	63392	b16bd47d9e329435e309c58469fe0791c2d0d1ba96ec0954152a5ae2b04387dc	shards-lang_rust-registry
memchr	2.7.4	96670	78ca9ab1a0babb1e7d5695e3530886289c18cf2f87ec19a575a0abdce112e3a3	lwx270901_registryintern
memmap2	0.1.0	17685	d9b70ca2a6103ac8b665dc150b142ef0e4e89df640c9e6cf295d189c3caebe5a	shards-lang_rust-registry
memmap2	0.2.2	17218	397d1a6d6d0563c0f5462bbdae662cf6c784edf5e828e40c7257f85d82bf56dd	shards-lang_rust-registry
memoffset	0.5.6	7382	043175f069eda7b85febe4a74abbaeff828d9f8b448515d3151a14a3542811aa	lwx270901_registryintern
memoffset	0.6.3	7697	f83fb6581e8ed1f85fd45c116db8405483899489e38406156c25eb743554361d	shards-lang_rust-registry
miniz_oxide	0.3.7	44996	791daaae1ed6889560f8c4359194f56648355540573244a5448a83ba1ecc7435	shards-lang_rust-registry
miniz_oxide	0.4.4	49938	a92518e98c078586bc6c934028adcca4c92a53d6a958196de835170a01d84e4b	shards-lang_rust-registry
miniz_oxide	0.8.0	56343	e2d80299ef12ff69b16a84bb182e3b9df68b5a91574d3d4fa6e41b65deec4df1	lwx270901_registryintern
nom	5.1.2	136174	ffb4262d26ed83a1c0a33a38fe2bb15797329c85770da05e6b828ddb782627af	shards-lang_rust-registry
num-complex	0.4.0	24805	26873667bbbb7c5182d4a37c1add32cdf09f841af72da53318fdb81543c15085	shards-lang_rust-registry
num-derive	0.3.3	14545	876a53fff98e03a936a674b29568b0e605f06b29372c2489ff4de23f1949743d	shards-lang_rust-registry
num-integer	0.1.44	22216	d2cc698a63b549a70bc047073d2949cce27cd1c7b0a4a862d08a8031bc2801db	shards-lang_rust-registry
num-rational	0.4.0	26428	d41702bd167c2df5520b384281bc111a4b5efcf7fbc4c9c222c815b07e0a6a6a	shards-lang_rust-registry
num-traits	0.2.14	45476	9a64b1ec5cda2586e284722486d802acf1f7dbdc623e2bfc57e65ca1cd099290	shards-lang_rust-registry
num-traits	0.2.19	51631	071dfc062690e90b734c0b2273ce72ad0ffa95f0c74596bc250dcfd960262841	lwx270901_registryintern
num-traits	0.2.6	39923	0b3a5d7cc97d6d30d8b9bc8fa19bf45349ffe46241e8816f50f62f6d6aaabee1	pombredanne_crates_popular
object	0.36.5	327435	aedf0a2d09c573ed1d8d85b30c119153926a2b36dce0ab28322c09a117a4683e	lwx270901_registryintern
once_cell	1.20.2	33394	1261fe7e33c73b354eab43b1273a57c8f967d0391e80353e51f764ac02cf6775	lwx270901_registryintern
once_cell	1.7.2	28250	af8b08b04175473088b46763e51ee54da5f9a164bc162f615b91bc179dbf15a3	shards-lang_rust-registry
parking_lot	0.12.3	41860	f1bf18183cf54e8d6059647fc3063646a1801cf30896933ec2311622cc4b9a27	lwx270901_registryintern
parking_lot	0.9.0	35170	f842b1982eb6c2fe34036a4fbfb06dd185a3f5c8edfaacdf7d1ea10b07de6252	lwx270901_registryintern
parking_lot_core	0.6.3	30573	bda66b810a62be75176a80873726630147a5ca780cd33921e0b5709033e66b0a	lwx270901_registryintern
parking_lot_core	0.9.10	32406	1e401f977ab385c9e4e3ab30627d6f26d00e2c73eef317493c4ec6d468726cf8	lwx270901_registryintern
paste	1.0.5	17669	acbf547ad0c65e31259204bd90935776d1c693cec2f4ff7abb7a1bbbd40dfe58	shards-lang_rust-registry
peeking_take_while	0.1.2	6697	19b17cddbe7ec3f8bc800887bab5e717348c95ea2ca0b1bf0837fb964dc67099	shards-lang_rust-registry
petgraph	0.6.5	710970	b4c5cc86750666a3ed20bdaf5ca2a0344f9c67674cae0515bec2da16fbaa47db	lwx270901_registryintern
pkg-config	0.3.14	13565	676e8eb2b1b4c9043511a9b7bea0915320d7e502b0a079fb03f9635a5252b18c	pombredanne_crates_popular
pkg-config	0.3.19	15451	3831453b3449ceb48b6d9c7ad7c96d5ea673e9b470a1dc578c2ce6521230884c	shards-lang_rust-registry
pkg-config	0.3.32	21370	7edddbd0b52d732b21ad9a5fab5c704c14cd949e5e9a1ec5929a24fded1b904c	lwx270901_registryintern
ppv-lite86	0.2.10	20915	ac74c624d6b2d21f425f752262f42188365d7b8ff1aff74c82e45136510a4857	shards-lang_rust-registry
ppv-lite86	0.2.20	22478	77957b295656769bb8ad2b6a6b09d897d94f05c41b069aede1fcdaa675eaea04	lwx270901_registryintern
proc-macro-hack	0.5.19	15556	dbf0c48bc1d91375ae5c3cd81e3722dff1abcf81a30960240640d223f59fe0e5	shards-lang_rust-registry
proc-macro2	0.4.27	34098	4d317f9caece796be1980837fd5cb3dfec5613ebdb04ad0956deea83ce168915	pombredanne_crates_popular
proc-macro2	0.4.30	34731	cf3d2011ab5c909338f7887f4fc896d35932e29146c12c8d01da6b22a80ba759	shards-lang_rust-registry
proc-macro2	1.0.26	38233	a152013215dca273577e18d2bf00fa862b89b24169fb78c4c95aeb07992c9cec	shards-lang_rust-registry
proc-macro2	1.0.87	49121	b3e4daa0dcf6feba26f985457cdf104d4b4256fc5a09547140f3631bb076b19a	lwx270901_registryintern
psm	0.1.23	23318	aa37f80ca58604976033fae9515a8a2989fc13797d953f7c04fb8fa36a11f205	lwx270901_registryintern
quote	0.6.11	17283	cdd8e04bd9c52e0342b406469d494fcb033be4bdbe5c606016defbb1681411e1	pombredanne_crates_popular
quote	0.6.13	17475	6ce23b6b870e8f94f81fb0a363d65d86675884b34a09043c81e5562f11c1f8e1	shards-lang_rust-registry
quote	1.0.37	28558	b5b9d34b8991d19d98081b46eacdd8eb58c6f2b201139f7c5f643cc155a633af	lwx270901_registryintern
quote	1.0.9	25042	c3d0b9745dc2debf507c8422de05d7226cc1f0644216dfdfead988f9b1ab32a7	shards-lang_rust-registry
rand_core	0.3.1	15483	7a6fdeb83b075e8266dcc8762c22776f6877a63111121f5f8c7411e5be7eed4b	pombredanne_crates_popular
rand_core	0.4.0	20326	d0e7a549d590831370895ab7ba4ea0c1b6b011d106b5ff2da6eee112615e6dc0	pombredanne_crates_popular
rand_core	0.5.1	21116	90bde5296fc891b0cef12a6d03ddccc162ce7b2aff54160af9338f8d40df6d19	shards-lang_rust-registry
rand_core	0.6.2	21708	34cf66eb183df1c5876e2dcf6b13d57340741e8dc255b48e40a26de954d06ae7	shards-lang_rust-registry
rand_core	0.6.4	22666	ec0be4795e2f6a28069bec0b5ff3e2ac9bafc99e6a9a7dc3547996c5c816922c	lwx270901_registryintern
redox_syscall	0.1.51	15646	423e376fffca3dfa06c9e9790a9ccd282fafb3cc6e6397d01dbf64f9bacc6b85	pombredanne_crates_popular
redox_syscall	0.2.8	23697	742739e41cd49414de871ea5e549afb7e2a3ac77b589bcbebe8c82fab37147fc	shards-lang_rust-registry
redox_syscall	0.5.7	26249	9b6dfecf2c74bce2466cabf93f6664d6998a69eb21e39f4207930065b27b771f	lwx270901_registryintern
redox_users	0.4.6	15585	ba009ff324d1fc1b900bd1fdb31564febe58a8ccc8a6fdbb93b543d33b13ca43	lwx270901_registryintern
regex	1.1.0	241219	37e7cbbd370869ce2e8dff25c7018702d10b21a20ef7135316f8daecd6c25b7f	pombredanne_crates_popular
regex	1.11.0	254059	38200e5ee88914975b69f657f0801b6f6dccafd44fd9326302a4aaeecfacb1d8	lwx270901_registryintern
regex	1.5.4	236581	d07a8629359eb56f1e2fb1652bb04212c072a87ba68546a04065d525673ac461	shards-lang_rust-registry
regex-syntax	0.6.25	293293	f497285884f3fcff424ffc933e56d7cbca511def0c9831a7f9b5f6153e3cc89b	shards-lang_rust-registry
regex-syntax	0.6.29	299752	f162c6dd7b008981e4d40210aca20b4bd0f9b60ca9271061b07f78537722f2e1	lwx270901_registryintern
regex-syntax	0.6.5	272475	8c2f35eedad5295fdf00a63d7d4b238135723f92b434ec06774dad15c7ab0861	pombredanne_crates_popular
regex-syntax	0.8.5	357541	2b15c43186be67a4fd63bee50d0303afffcef381492ebe2c5d87f324e1b8815c	lwx270901_registryintern
rustc-demangle	0.1.24	29047	719b953e2095829ee67db738b3bfa9fa368c94900df327b3f07fe6e794d2fe1f	lwx270901_registryintern
rustc-hash	1.1.0	9331	08d43f7aa6b08d49f382cde6a7982047c3426db949b1424bc4b7ec9ae12c6ce2	shards-lang_rust-registry
rustc_lexer	0.1.0	8011	c86aae0c77166108c01305ee1a36a1e77289d7dc6ca0a3cd91ff4992de2d16a5	lwx270901_registryintern
rustc_version	0.2.3	10210	138e3e0acb6c9fb258b19b67cb8abd63c00679d2851805ea151465464fe9030a	lwx270901_registryintern
rustversion	1.0.17	17621	955d28af4278de8121b7ebeb796b6a45735dc01436d898801014aced2773a3d6	lwx270901_registryintern
ryu	0.2.7	41382	eb9e9b8cde282a9fe6a42dd4681319bfb63f121b8a8ee9439c6f4107e58a46f7	pombredanne_crates_popular
ryu	1.0.18	47713	f3cb5ba0dc43242ce17de99c180e96db90b235b8a9fdc9543c96d2209116bd9f	lwx270901_registryintern
ryu	1.0.5	49570	71d301d4193d031abdd79ff7e3dd721168a9572ef3fe51a1517aba235bd8f86e	shards-lang_rust-registry
scoped-tls	1.0.1	8202	e1cf6437eb19a8f4a6cc0f7dca544973b0b78843adbfeb3683d1a94a0024a294	lwx270901_registryintern
scopeguard	1.1.0	11470	d29ab0c6d3fc0ee92fe66e2d99f700eab17a8d57d1c1d3b748380fb20baa78cd	shards-lang_rust-registry
scopeguard	1.2.0	11619	94143f37725109f92c262ed2cf5e59bce7498c01bcc1502d7b9afe439a4e9f49	lwx270901_registryintern
semver	0.9.0	17344	1d7eb9ef2c18661902cc47e535f9bc51b78acd254da71d375c2f6720d9a40403	lwx270901_registryintern
semver-parser	0.7.0	10268	388a1df253eca08550bef6c72392cfe7c30914bf41df5269b68cbd6ff8f570a3	lwx270901_registryintern
serde	1.0.125	75144	558dc50e1a5a5fa7112ca2ce4effcb321b0300c0d4ccf0776a9f60cd89031171	shards-lang_rust-registry
serde	1.0.193	76863	25dd9975e68d0cb5aa1120c288333fc98731bd1dd12f561e468ea4728c042b89	lwx270901_registryintern
serde	1.0.87	71223	2e20fde37801e83c891a2dc4ebd3b81f0da4d1fb67a9e0a2a3b921e2536a58ee	pombredanne_crates_popular
serde_derive	1.0.125	54155	b093b7a2bb58203b5da3056c05b4ec1fed827dcfdb37347a8841695263b3d06d	shards-lang_rust-registry
serde_derive	1.0.193	55692	43576ca501357b9b071ac53cdc7da8ef0cbd9493d8df094cd821777ea6e894d3	lwx270901_registryintern
serde_derive	1.0.87	48593	633e97856567e518b59ffb2ad7c7a4fd4c5d91d9c7f32dd38a27b2bf7e8114ea	pombredanne_crates_popular
serde_json	1.0.108	146476	3d1c7e3eac408d115102c4c24ad393e0821bb3a5df4d506a80f85f7a742a526b	lwx270901_registryintern
serde_json	1.0.38	69619	27dce848e7467aa0e2fcaf0a413641499c0b745452aaca1194d24dedde9e13c9	pombredanne_crates_popular
serde_json	1.0.64	115138	799e97dc9fdae36a5c8b8f2cae9ce2ee9fdce2058c57a93e6099d919fd982f79	shards-lang_rust-registry
serde_spanned	0.6.8	9330	87607cb1398ed59d48732e575a4c28a7a8ebf2454b964fe3f224f2afc07909e1	lwx270901_registryintern
sha1	0.6.0	9244	2579985fda508104f7587689507983eadd6a6e84dd35d6d115361f530916fa0d	shards-lang_rust-registry
sha2	0.9.4	19775	d8f6b75b17576b792bef0db1bcc4b8b8bcdf9506744cf34b974195487af6cff2	shards-lang_rust-registry
shlex	1.0.0	4555	42a568c8f2cd051a4d283bd6eb0343ac214c1b0f1ac19f93e1175b2dee38c73d	shards-lang_rust-registry
shlex	1.3.0	18713	0fda2ff0d084019ba4d7c6f371c95d8fd75ce3524c3cb8fb653a3023f6323e64	lwx270901_registryintern
smallvec	0.6.14	22855	b97fcaeba89edba30f044a10c6a3cc39df9c3f17d7cd829dd1446cab35f890e0	lwx270901_registryintern
smallvec	0.6.8	21448	88aea073965ab29f6edb5493faf96ad662fb18aa9eeb186a3b7057951605ed15	pombredanne_crates_popular
smallvec	1.13.2	35216	3c5e1a9a646d36c3599cd173a41282daf47c44583ad367b8e6837255952e5c67	lwx270901_registryintern
smallvec	1.6.1	26444	fe0f37c9e8f3c5a4a66ad655a93c74daac4ad00c441533bf5c6e7990bb42604e	shards-lang_rust-registry
spin	0.9.8	38958	6980e8d7511241f8acf4aebddbb1ff938df5eebe98691418c4468d0b72a96a67	lwx270901_registryintern
stable-pattern	0.1.0	16533	4564168c00635f88eaed410d5efa8131afa8d8699a612c80c455a0ba05c21045	lwx270901_registryintern
stacker	0.1.17	14699	799c883d55abdb5e98af1a7b3f23b9b6de8ecada0ecac058672d7635eb48ca7b	lwx270901_registryintern
subtle	2.4.0	12411	1e81da0851ada1f3e9d4312c704aa4f8806f0f9d69faaf8df2f3464b4a9437c2	shards-lang_rust-registry
syn	0.15.26	145493	f92e629aa1d9c827b2bb8297046c1ccffc57c99b947a680d3ccff1f136a3bee9	pombredanne_crates_popular
syn	0.15.44	184212	9ca4b3b69a77cbe1ffc9e198781b7acb0c7365a883670e8f1c1bc66fba79a5c5	shards-lang_rust-registry
syn	1.0.109	237611	72b64191b275b66ffe2469e8af2c1cfe3bafa67b529ead792a6d0160888b4237	lwx270901_registryintern
syn	1.0.72	232500	a1e8cdbefb79a9a5a65e0db8b47b723ee907b7c7f8496c76a1770b5c310bab82	shards-lang_rust-registry
syn	2.0.79	268981	89132cd0bf050864e1d38dc3bbc07a0eb8e7530af26344d3d2bbbef83499f590	lwx270901_registryintern
syn	2.0.87	278076	25aa4ce346d03a6dcd68dd8b4010bcb74e54e62c90c573f394c46eae99aba32d	lwx270901_registryintern
thiserror	1.0.64	21574	d50af8abc119fb8bb6dbabcfa89656f46f84aa0ac7688088608076ad2b459a84	lwx270901_registryintern
thiserror-impl	1.0.64	16073	08904e7672f5eb876eaaf87e0ce17857500934f4981c4a0ab2b4aa98baac7fc3	lwx270901_registryintern
thread_local	0.3.6	12388	c6b53e329000edc2b34dbe8545fd20e55a333362d0a321909685a19bd28c3f1b	pombredanne_crates_popular
thread_local	1.1.8	13962	8b9ef9bad013ada3808854ceac7b46812a6465ba368859a37e2100283d2d719c	lwx270901_registryintern
tinyvec	1.2.0	41625	5b5220f05bb7de7f3f53c7c065e1199b3172696fe2db9f9c4d8ad9b4ee74c342	shards-lang_rust-registry
tinyvec	1.8.0	46796	445e881f4f6d382d5f27c034e25eb92edd7c784ceab92a0937db7f2e9471b938	lwx270901_registryintern
toml	0.8.19	50974	a1ed1f98e3fdc28d6d910e6737ae6ab1a93bf1985935a1193e68f93eeb68d24e	lwx270901_registryintern
toml_datetime	0.6.8	12028	0dd7358ecb8fc2f8d014bf86f6f638ce72ba252a2c3a2572f2a795f1d23efb41	lwx270901_registryintern
toml_edit	0.22.22	106387	4ae48d6208a266e853d946088ed816055e556cc6028c5e8e2b84d9fa5dd7c7f5	lwx270901_registryintern
typenum	1.13.0	40238	879f6906492a7cd215bfa4cf595b600146ccfac0c79bcbd1f3000162af5e8b06	shards-lang_rust-registry
ucd-util	0.1.3	25897	535c204ee4d8434478593480b8f86ab45ec9aae0e83c568ca81abf0fd0e88f86	pombredanne_crates_popular
unicode-ccc	0.1.1	8839	28ae07c514c335bbd0251147bb1de333e28ebc8f57d792014f919ed212d119f6	shards-lang_rust-registry
unicode-general-category	0.2.0	34392	7f9af028e052a610d99e066b33304625dea9613170a2563314490a4e6ec5cf7f	shards-lang_rust-registry
unicode-ident	1.0.13	43279	e91b56cd4cadaeb79bbf1a5645f6b4f8dc5bde8834ad5894a8db35fda9efa1fe	lwx270901_registryintern
unicode-script	0.5.2	36768	79bf4d5fc96546fdb73f9827097810bbda93b11a6770ff3a54e1f445d4135787	shards-lang_rust-registry
unicode-script	0.5.7	47080	9fb421b350c9aff471779e262955939f565ec18b86c15364e6bdf0d662ca7c1f	lwx270901_registryintern
unicode-width	0.1.14	271615	7dd6e30e90baa6f72411720665d41d89b9a3d039dc45b8faea1ddd07f617f6af	lwx270901_registryintern
unicode-width	0.1.8	16732	9337591893a19b88d8d87f2cec1e73fad5cdfd10e5a6f349f498ad6ea2ffb1e3	shards-lang_rust-registry
unicode-xid	0.1.0	16000	fc72304796d0818e357ead4e000d19c9c174ab23dc11093ac919054d20a6a7fc	shards-lang_rust-registry
unicode-xid	0.2.2	14955	8ccb82d61f80a663efe1f787a51b16b5a51e3314d6ac365b08639f52387b33f3	shards-lang_rust-registry
unicode-xid	0.2.6	15744	ebc1c04c71510c7f702b52b7c350734c9ff1295c464a03335b00bb84fc54f853	lwx270901_registryintern
utf8-ranges	1.0.2	8510	796f7e48bef87609f7ade7e06495a87d5cd06c7866e6a5cbfceffc558a243737	pombredanne_crates_popular
vcpkg	0.2.12	15530	cbdbff6266a24120518560b5dc983096efb98462e51d0d68169895b237be3e5d	shards-lang_rust-registry
vcpkg	0.2.15	228735	accd4ea62f7bb7a82fe23066fb0957d48ef677f6eeb8215f372f52e48bb32426	lwx270901_registryintern
version_check	0.9.3	12547	5fecdca9a5291cc2b8dcf7dc02453fee791a280f3743cb0905f8822ae463b3fe	shards-lang_rust-registry
version_check	0.9.5	15554	0b928f33d975fc6ad9f86c8f283853ad26bdd5b10b7f1542aa2fa15e2289105a	lwx270901_registryintern
void	1.0.2	2356	6a02e4885ed3bc0f2de90ea6dd45ebcbb66dacffe03547fadbb0eeae2770887d	pombredanne_crates_popular
wasi	0.10.2+wasi-snapshot-preview1	27505	fd6fbd9a79829dd1ad0cc20627bf1ed606756a7f77edff7b66b7064f9cb327c6	shards-lang_rust-registry
wasi	0.11.0+wasi-snapshot-preview1	28131	9c8d87e72b64a3b4db28d11ce29237c246188f4f51057d65a7eab63b7987e423	lwx270901_registryintern
wasi	0.9.0+wasi-snapshot-preview1	31521	cccddf32554fecc6acb585f82a32a72e28b48f8c4c1883ddfeeeaa96f7d8e519	shards-lang_rust-registry
wasm-bindgen	0.2.73	159293	83240549659d187488f91f33c0f8547cbfef0b2088bc470c116d1d260ef623d9	shards-lang_rust-registry
wasm-bindgen	0.2.93	43769	a82edfc16a6c469f5f44dc7b571814045d60404b55a0ee849f9bcfa2e63dd9b5	lwx270901_registryintern
wasm-bindgen-backend	0.2.73	25434	ae70622411ca953215ca6d06d3ebeb1e915f0f6613e3b495122878d7ebec7dae	shards-lang_rust-registry
wasm-bindgen-backend	0.2.93	30344	9de396da306523044d3302746f1208fa71d7532227f15e347e2d93e4145dd77b	lwx270901_registryintern
wasm-bindgen-macro	0.2.73	11545	3e734d91443f177bfdb41969de821e15c516931c3c3db3d318fa1b68975d0f6f	shards-lang_rust-registry
wasm-bindgen-macro	0.2.93	6822	585c4c91a46b072c92e908d99cb1dcdf95c5218eeb6f3bf1efa991ee7a68cccf	lwx270901_registryintern
wasm-bindgen-shared	0.2.73	6691	d9a543ae66aa233d14bb765ed9af4a33e81b8b58d1584cf1b47ff8cd0b9e4489	shards-lang_rust-registry
wasm-bindgen-shared	0.2.93	7527	c62a0a307cb4a311d3a07867860911ca130c3494e8c2719593806c08bc5d0484	lwx270901_registryintern
web-sys	0.3.50	650100	a905d57e488fec8861446d3393670fb50d27a262344013181c2cdf9fff5481be	shards-lang_rust-registry
which	3.1.1	8071	d011071ae14a2f6671d0b74080ae0cd8ebf3a6f8c9589a2cd45f23126fe29724	shards-lang_rust-registry
winnow	0.6.20	163617	36c1fec1a2bb5866f07c25f68c26e565c4c200aebb96d7e55710c19d3e8ac49b	lwx270901_registryintern
zerocopy	0.7.35	152645	1b9b4fd18abc82b8136838da5d50bae7bdea537c574d8dc1a34ed098d6c166f0	lwx270901_registryintern
zerocopy-derive	0.7.35	37829	fa4f8080344d4671fb4e831a13ad1e68092748387dfc4f55e356242fae12ce3e	lwx270901_registryintern
